Date,Geographic area,Relative AI hiring year-over-year ratio
1/1/18,Argentina,2.37%
2/1/18,Argentina,12.24%
3/1/18,Argentina,40.74%
4/1/18,Argentina,42.43%
5/1/18,Argentina,35.12%
6/1/18,Argentina,28.22%
7/1/18,Argentina,23.23%
8/1/18,Argentina,25.21%
9/1/18,Argentina,27.29%
10/1/18,Argentina,30.64%
11/1/18,Argentina,26.86%
12/1/18,Argentina,28.82%
1/1/19,Argentina,33.71%
2/1/19,Argentina,38.52%
3/1/19,Argentina,33.06%
4/1/19,Argentina,31.81%
5/1/19,Argentina,35.05%
6/1/19,Argentina,43.19%
7/1/19,Argentina,50.35%
8/1/19,Argentina,48.13%
9/1/19,Argentina,48.75%
10/1/19,Argentina,48.13%
11/1/19,Argentina,49.68%
12/1/19,Argentina,46.43%
1/1/20,Argentina,42.82%
2/1/20,Argentina,37.22%
3/1/20,Argentina,36.83%
4/1/20,Argentina,40.35%
5/1/20,Argentina,48.28%
6/1/20,Argentina,43.66%
7/1/20,Argentina,37.29%
8/1/20,Argentina,41.13%
9/1/20,Argentina,40.05%
10/1/20,Argentina,38.07%
11/1/20,Argentina,44.92%
12/1/20,Argentina,48.81%
1/1/21,Argentina,48.67%
2/1/21,Argentina,50.75%
3/1/21,Argentina,50.59%
4/1/21,Argentina,44.41%
5/1/21,Argentina,32.31%
6/1/21,Argentina,31.54%
7/1/21,Argentina,33.49%
8/1/21,Argentina,29.56%
9/1/21,Argentina,26.07%
10/1/21,Argentina,22.72%
11/1/21,Argentina,15.69%
12/1/21,Argentina,10.45%
1/1/22,Argentina,10.87%
2/1/22,Argentina,6.82%
3/1/22,Argentina,4.98%
4/1/22,Argentina,4.51%
5/1/22,Argentina,4.62%
6/1/22,Argentina,1.08%
7/1/22,Argentina,-1.03%
8/1/22,Argentina,-3.23%
9/1/22,Argentina,-2.99%
10/1/22,Argentina,-3.11%
11/1/22,Argentina,-3.78%
12/1/22,Argentina,-2.61%
1/1/23,Argentina,-5.26%
2/1/23,Argentina,-4.17%
3/1/23,Argentina,-6.13%
4/1/23,Argentina,-6.90%
5/1/23,Argentina,-7.31%
6/1/23,Argentina,-6.43%
7/1/23,Argentina,-7.22%
8/1/23,Argentina,-4.76%
9/1/23,Argentina,-5.03%
10/1/23,Argentina,-1.20%
11/1/23,Argentina,-0.82%
12/1/23,Argentina,-1.95%
1/1/24,Argentina,-0.32%
2/1/24,Argentina,0.28%
3/1/24,Argentina,5.93%
4/1/24,Argentina,9.48%
5/1/24,Argentina,13.94%
6/1/24,Argentina,16.99%
7/1/24,Argentina,20.39%
8/1/24,Argentina,20.87%
9/1/24,Argentina,23.27%
10/1/24,Argentina,21.69%
11/1/24,Argentina,22.84%
12/1/24,Argentina,26.39%
1/1/18,Australia,20.39%
2/1/18,Australia,19.90%
3/1/18,Australia,17.53%
4/1/18,Australia,16.86%
5/1/18,Australia,17.67%
6/1/18,Australia,18.50%
7/1/18,Australia,18.76%
8/1/18,Australia,18.37%
9/1/18,Australia,19.01%
10/1/18,Australia,17.77%
11/1/18,Australia,18.49%
12/1/18,Australia,21.97%
1/1/19,Australia,22.29%
2/1/19,Australia,22.57%
3/1/19,Australia,23.33%
4/1/19,Australia,23.28%
5/1/19,Australia,23.02%
6/1/19,Australia,22.83%
7/1/19,Australia,23.41%
8/1/19,Australia,23.68%
9/1/19,Australia,22.85%
10/1/19,Australia,24.16%
11/1/19,Australia,23.48%
12/1/19,Australia,19.39%
1/1/20,Australia,18.90%
2/1/20,Australia,18.09%
3/1/20,Australia,17.39%
4/1/20,Australia,18.00%
5/1/20,Australia,18.46%
6/1/20,Australia,17.24%
7/1/20,Australia,15.05%
8/1/20,Australia,14.75%
9/1/20,Australia,14.52%
10/1/20,Australia,13.33%
11/1/20,Australia,12.10%
12/1/20,Australia,11.69%
1/1/21,Australia,10.29%
2/1/21,Australia,10.13%
3/1/21,Australia,9.13%
4/1/21,Australia,7.64%
5/1/21,Australia,6.09%
6/1/21,Australia,7.65%
7/1/21,Australia,9.21%
8/1/21,Australia,9.34%
9/1/21,Australia,10.50%
10/1/21,Australia,11.88%
11/1/21,Australia,13.37%
12/1/21,Australia,13.61%
1/1/22,Australia,14.83%
2/1/22,Australia,14.46%
3/1/22,Australia,15.21%
4/1/22,Australia,16.11%
5/1/22,Australia,16.11%
6/1/22,Australia,14.26%
7/1/22,Australia,11.89%
8/1/22,Australia,9.43%
9/1/22,Australia,6.69%
10/1/22,Australia,3.95%
11/1/22,Australia,1.32%
12/1/22,Australia,-0.47%
1/1/23,Australia,-2.72%
2/1/23,Australia,-2.31%
3/1/23,Australia,-3.78%
4/1/23,Australia,-5.98%
5/1/23,Australia,-6.67%
6/1/23,Australia,-7.98%
7/1/23,Australia,-6.78%
8/1/23,Australia,-5.11%
9/1/23,Australia,-4.72%
10/1/23,Australia,-3.98%
11/1/23,Australia,-1.94%
12/1/23,Australia,1.02%
1/1/24,Australia,2.13%
2/1/24,Australia,1.76%
3/1/24,Australia,4.12%
4/1/24,Australia,6.44%
5/1/24,Australia,7.01%
6/1/24,Australia,10.63%
7/1/24,Australia,11.48%
8/1/24,Australia,12.61%
9/1/24,Australia,14.43%
10/1/24,Australia,16.62%
11/1/24,Australia,16.96%
12/1/24,Australia,16.78%
1/1/18,Austria,29.18%
2/1/18,Austria,49.57%
3/1/18,Austria,29.00%
4/1/18,Austria,20.55%
5/1/18,Austria,12.48%
6/1/18,Austria,9.00%
7/1/18,Austria,9.11%
8/1/18,Austria,14.43%
9/1/18,Austria,17.95%
10/1/18,Austria,19.14%
11/1/18,Austria,16.41%
12/1/18,Austria,18.14%
1/1/19,Austria,16.21%
2/1/19,Austria,9.66%
3/1/19,Austria,16.11%
4/1/19,Austria,16.93%
5/1/19,Austria,20.26%
6/1/19,Austria,23.51%
7/1/19,Austria,28.24%
8/1/19,Austria,23.87%
9/1/19,Austria,19.81%
10/1/19,Austria,16.52%
11/1/19,Austria,21.24%
12/1/19,Austria,18.80%
1/1/20,Austria,18.35%
2/1/20,Austria,19.98%
3/1/20,Austria,14.70%
4/1/20,Austria,18.89%
5/1/20,Austria,22.30%
6/1/20,Austria,21.34%
7/1/20,Austria,14.61%
8/1/20,Austria,15.67%
9/1/20,Austria,17.76%
10/1/20,Austria,22.93%
11/1/20,Austria,20.10%
12/1/20,Austria,21.11%
1/1/21,Austria,23.43%
2/1/21,Austria,22.80%
3/1/21,Austria,22.10%
4/1/21,Austria,17.25%
5/1/21,Austria,11.66%
6/1/21,Austria,8.88%
7/1/21,Austria,10.37%
8/1/21,Austria,10.15%
9/1/21,Austria,8.46%
10/1/21,Austria,3.84%
11/1/21,Austria,2.08%
12/1/21,Austria,0.96%
1/1/22,Austria,-0.57%
2/1/22,Austria,-0.53%
3/1/22,Austria,2.16%
4/1/22,Austria,1.39%
5/1/22,Austria,0.94%
6/1/22,Austria,2.23%
7/1/22,Austria,2.02%
8/1/22,Austria,1.31%
9/1/22,Austria,1.06%
10/1/22,Austria,1.25%
11/1/22,Austria,4.23%
12/1/22,Austria,3.30%
1/1/23,Austria,1.38%
2/1/23,Austria,1.78%
3/1/23,Austria,-0.18%
4/1/23,Austria,1.46%
5/1/23,Austria,3.41%
6/1/23,Austria,6.11%
7/1/23,Austria,7.62%
8/1/23,Austria,7.07%
9/1/23,Austria,6.88%
10/1/23,Austria,8.37%
11/1/23,Austria,6.19%
12/1/23,Austria,7.50%
1/1/24,Austria,9.75%
2/1/24,Austria,10.38%
3/1/24,Austria,11.12%
4/1/24,Austria,11.90%
5/1/24,Austria,12.80%
6/1/24,Austria,11.76%
7/1/24,Austria,10.65%
8/1/24,Austria,13.34%
9/1/24,Austria,15.84%
10/1/24,Austria,15.57%
11/1/24,Austria,15.92%
12/1/24,Austria,16.24%
1/1/18,Belgium,-5.69%
2/1/18,Belgium,-2.76%
3/1/18,Belgium,2.78%
4/1/18,Belgium,2.77%
5/1/18,Belgium,1.82%
6/1/18,Belgium,5.01%
7/1/18,Belgium,5.48%
8/1/18,Belgium,6.11%
9/1/18,Belgium,5.74%
10/1/18,Belgium,10.24%
11/1/18,Belgium,9.05%
12/1/18,Belgium,11.64%
1/1/19,Belgium,14.84%
2/1/19,Belgium,16.33%
3/1/19,Belgium,15.61%
4/1/19,Belgium,17.47%
5/1/19,Belgium,19.24%
6/1/19,Belgium,16.96%
7/1/19,Belgium,18.09%
8/1/19,Belgium,19.68%
9/1/19,Belgium,21.61%
10/1/19,Belgium,17.98%
11/1/19,Belgium,20.19%
12/1/19,Belgium,16.79%
1/1/20,Belgium,14.13%
2/1/20,Belgium,14.23%
3/1/20,Belgium,15.62%
4/1/20,Belgium,15.98%
5/1/20,Belgium,15.09%
6/1/20,Belgium,16.93%
7/1/20,Belgium,16.69%
8/1/20,Belgium,14.74%
9/1/20,Belgium,12.96%
10/1/20,Belgium,11.95%
11/1/20,Belgium,11.61%
12/1/20,Belgium,13.43%
1/1/21,Belgium,13.75%
2/1/21,Belgium,13.86%
3/1/21,Belgium,11.66%
4/1/21,Belgium,9.13%
5/1/21,Belgium,11.04%
6/1/21,Belgium,11.44%
7/1/21,Belgium,9.96%
8/1/21,Belgium,8.14%
9/1/21,Belgium,8.86%
10/1/21,Belgium,9.52%
11/1/21,Belgium,7.56%
12/1/21,Belgium,5.27%
1/1/22,Belgium,7.03%
2/1/22,Belgium,4.48%
3/1/22,Belgium,5.78%
4/1/22,Belgium,6.44%
5/1/22,Belgium,2.55%
6/1/22,Belgium,-0.17%
7/1/22,Belgium,-0.32%
8/1/22,Belgium,1.35%
9/1/22,Belgium,1.25%
10/1/22,Belgium,2.52%
11/1/22,Belgium,4.39%
12/1/22,Belgium,6.30%
1/1/23,Belgium,4.75%
2/1/23,Belgium,6.90%
3/1/23,Belgium,5.57%
4/1/23,Belgium,5.31%
5/1/23,Belgium,7.88%
6/1/23,Belgium,9.00%
7/1/23,Belgium,9.75%
8/1/23,Belgium,11.19%
9/1/23,Belgium,9.83%
10/1/23,Belgium,8.37%
11/1/23,Belgium,7.48%
12/1/23,Belgium,6.72%
1/1/24,Belgium,6.44%
2/1/24,Belgium,5.27%
3/1/24,Belgium,7.62%
4/1/24,Belgium,8.77%
5/1/24,Belgium,9.36%
6/1/24,Belgium,12.72%
7/1/24,Belgium,11.65%
8/1/24,Belgium,9.61%
9/1/24,Belgium,11.37%
10/1/24,Belgium,12.18%
11/1/24,Belgium,12.04%
12/1/24,Belgium,10.53%
1/1/18,Brazil,43.02%
2/1/18,Brazil,54.43%
3/1/18,Brazil,51.57%
4/1/18,Brazil,47.77%
5/1/18,Brazil,43.22%
6/1/18,Brazil,48.86%
7/1/18,Brazil,51.54%
8/1/18,Brazil,46.38%
9/1/18,Brazil,43.30%
10/1/18,Brazil,42.24%
11/1/18,Brazil,42.68%
12/1/18,Brazil,42.32%
1/1/19,Brazil,41.45%
2/1/19,Brazil,37.24%
3/1/19,Brazil,34.95%
4/1/19,Brazil,33.99%
5/1/19,Brazil,34.10%
6/1/19,Brazil,28.48%
7/1/19,Brazil,25.12%
8/1/19,Brazil,27.20%
9/1/19,Brazil,28.70%
10/1/19,Brazil,28.55%
11/1/19,Brazil,26.46%
12/1/19,Brazil,24.91%
1/1/20,Brazil,24.70%
2/1/20,Brazil,25.26%
3/1/20,Brazil,28.03%
4/1/20,Brazil,32.24%
5/1/20,Brazil,32.64%
6/1/20,Brazil,33.18%
7/1/20,Brazil,33.28%
8/1/20,Brazil,32.29%
9/1/20,Brazil,31.27%
10/1/20,Brazil,30.39%
11/1/20,Brazil,30.16%
12/1/20,Brazil,30.08%
1/1/21,Brazil,28.15%
2/1/21,Brazil,27.67%
3/1/21,Brazil,24.14%
4/1/21,Brazil,18.01%
5/1/21,Brazil,17.39%
6/1/21,Brazil,18.30%
7/1/21,Brazil,17.86%
8/1/21,Brazil,17.87%
9/1/21,Brazil,18.31%
10/1/21,Brazil,17.97%
11/1/21,Brazil,17.10%
12/1/21,Brazil,16.16%
1/1/22,Brazil,17.10%
2/1/22,Brazil,15.94%
3/1/22,Brazil,14.99%
4/1/22,Brazil,14.43%
5/1/22,Brazil,11.91%
6/1/22,Brazil,9.04%
7/1/22,Brazil,6.11%
8/1/22,Brazil,2.99%
9/1/22,Brazil,-0.92%
10/1/22,Brazil,-3.37%
11/1/22,Brazil,-4.81%
12/1/22,Brazil,-5.93%
1/1/23,Brazil,-7.92%
2/1/23,Brazil,-8.26%
3/1/23,Brazil,-8.98%
4/1/23,Brazil,-9.79%
5/1/23,Brazil,-10.10%
6/1/23,Brazil,-10.77%
7/1/23,Brazil,-10.17%
8/1/23,Brazil,-9.32%
9/1/23,Brazil,-7.84%
10/1/23,Brazil,-5.99%
11/1/23,Brazil,-5.05%
12/1/23,Brazil,-4.37%
1/1/24,Brazil,-3.66%
2/1/24,Brazil,-2.58%
3/1/24,Brazil,0.57%
4/1/24,Brazil,4.03%
5/1/24,Brazil,7.23%
6/1/24,Brazil,11.63%
7/1/24,Brazil,15.02%
8/1/24,Brazil,18.89%
9/1/24,Brazil,22.37%
10/1/24,Brazil,24.39%
11/1/24,Brazil,27.79%
12/1/24,Brazil,30.83%
1/1/18,Canada,31.36%
2/1/18,Canada,18.58%
3/1/18,Canada,19.29%
4/1/18,Canada,19.00%
5/1/18,Canada,21.48%
6/1/18,Canada,22.98%
7/1/18,Canada,24.74%
8/1/18,Canada,24.08%
9/1/18,Canada,24.94%
10/1/18,Canada,24.40%
11/1/18,Canada,24.34%
12/1/18,Canada,23.51%
1/1/19,Canada,22.17%
2/1/19,Canada,24.65%
3/1/19,Canada,25.60%
4/1/19,Canada,25.07%
5/1/19,Canada,24.80%
6/1/19,Canada,23.92%
7/1/19,Canada,22.37%
8/1/19,Canada,22.42%
9/1/19,Canada,21.46%
10/1/19,Canada,21.19%
11/1/19,Canada,20.94%
12/1/19,Canada,20.94%
1/1/20,Canada,21.59%
2/1/20,Canada,20.37%
3/1/20,Canada,19.41%
4/1/20,Canada,22.27%
5/1/20,Canada,24.30%
6/1/20,Canada,25.30%
7/1/20,Canada,24.84%
8/1/20,Canada,24.55%
9/1/20,Canada,24.11%
10/1/20,Canada,23.86%
11/1/20,Canada,23.50%
12/1/20,Canada,24.09%
1/1/21,Canada,23.84%
2/1/21,Canada,23.35%
3/1/21,Canada,22.45%
4/1/21,Canada,18.08%
5/1/21,Canada,12.14%
6/1/21,Canada,9.92%
7/1/21,Canada,10.71%
8/1/21,Canada,10.91%
9/1/21,Canada,10.20%
10/1/21,Canada,10.47%
11/1/21,Canada,10.52%
12/1/21,Canada,9.81%
1/1/22,Canada,9.00%
2/1/22,Canada,8.16%
3/1/22,Canada,8.16%
4/1/22,Canada,10.13%
5/1/22,Canada,12.37%
6/1/22,Canada,12.64%
7/1/22,Canada,11.49%
8/1/22,Canada,10.27%
9/1/22,Canada,10.60%
10/1/22,Canada,9.37%
11/1/22,Canada,7.25%
12/1/22,Canada,6.07%
1/1/23,Canada,5.21%
2/1/23,Canada,4.45%
3/1/23,Canada,3.13%
4/1/23,Canada,0.93%
5/1/23,Canada,0.72%
6/1/23,Canada,-0.67%
7/1/23,Canada,-1.75%
8/1/23,Canada,-2.67%
9/1/23,Canada,-3.07%
10/1/23,Canada,-2.22%
11/1/23,Canada,-0.34%
12/1/23,Canada,0.32%
1/1/24,Canada,1.42%
2/1/24,Canada,3.32%
3/1/24,Canada,5.57%
4/1/24,Canada,8.42%
5/1/24,Canada,9.64%
6/1/24,Canada,13.08%
7/1/24,Canada,16.08%
8/1/24,Canada,19.11%
9/1/24,Canada,20.62%
10/1/24,Canada,21.97%
11/1/24,Canada,23.05%
12/1/24,Canada,26.13%
1/1/18,Chile,-24.70%
2/1/18,Chile,-16.40%
3/1/18,Chile,-2.29%
4/1/18,Chile,0.67%
5/1/18,Chile,9.36%
6/1/18,Chile,13.47%
7/1/18,Chile,19.63%
8/1/18,Chile,15.96%
9/1/18,Chile,18.74%
10/1/18,Chile,17.03%
11/1/18,Chile,19.86%
12/1/18,Chile,21.90%
1/1/19,Chile,29.88%
2/1/19,Chile,31.59%
3/1/19,Chile,32.10%
4/1/19,Chile,34.62%
5/1/19,Chile,32.98%
6/1/19,Chile,31.82%
7/1/19,Chile,27.18%
8/1/19,Chile,31.85%
9/1/19,Chile,32.03%
10/1/19,Chile,33.58%
11/1/19,Chile,36.47%
12/1/19,Chile,35.54%
1/1/20,Chile,30.37%
2/1/20,Chile,33.59%
3/1/20,Chile,32.27%
4/1/20,Chile,32.64%
5/1/20,Chile,32.17%
6/1/20,Chile,29.08%
7/1/20,Chile,33.45%
8/1/20,Chile,31.10%
9/1/20,Chile,28.44%
10/1/20,Chile,28.53%
11/1/20,Chile,21.45%
12/1/20,Chile,20.10%
1/1/21,Chile,21.56%
2/1/21,Chile,20.05%
3/1/21,Chile,22.41%
4/1/21,Chile,19.20%
5/1/21,Chile,22.01%
6/1/21,Chile,31.01%
7/1/21,Chile,28.57%
8/1/21,Chile,27.61%
9/1/21,Chile,27.72%
10/1/21,Chile,25.90%
11/1/21,Chile,27.46%
12/1/21,Chile,27.46%
1/1/22,Chile,26.72%
2/1/22,Chile,25.32%
3/1/22,Chile,21.86%
4/1/22,Chile,21.30%
5/1/22,Chile,17.04%
6/1/22,Chile,8.87%
7/1/22,Chile,6.50%
8/1/22,Chile,6.06%
9/1/22,Chile,4.13%
10/1/22,Chile,3.52%
11/1/22,Chile,0.04%
12/1/22,Chile,-2.85%
1/1/23,Chile,-4.09%
2/1/23,Chile,-5.31%
3/1/23,Chile,-5.91%
4/1/23,Chile,-6.14%
5/1/23,Chile,-7.30%
6/1/23,Chile,-7.34%
7/1/23,Chile,-7.19%
8/1/23,Chile,-5.94%
9/1/23,Chile,-3.25%
10/1/23,Chile,-0.56%
11/1/23,Chile,3.22%
12/1/23,Chile,6.67%
1/1/24,Chile,7.92%
2/1/24,Chile,9.17%
3/1/24,Chile,9.86%
4/1/24,Chile,11.98%
5/1/24,Chile,15.11%
6/1/24,Chile,19.39%
7/1/24,Chile,22.35%
8/1/24,Chile,23.11%
9/1/24,Chile,23.54%
10/1/24,Chile,23.74%
11/1/24,Chile,23.73%
12/1/24,Chile,22.18%
1/1/18,Costa Rica,7.64%
2/1/18,Costa Rica,32.61%
3/1/18,Costa Rica,47.61%
4/1/18,Costa Rica,35.21%
5/1/18,Costa Rica,40.11%
6/1/18,Costa Rica,74.67%
7/1/18,Costa Rica,60.15%
8/1/18,Costa Rica,54.57%
9/1/18,Costa Rica,62.42%
10/1/18,Costa Rica,62.26%
11/1/18,Costa Rica,66.74%
12/1/18,Costa Rica,63.20%
1/1/19,Costa Rica,63.05%
2/1/19,Costa Rica,65.49%
3/1/19,Costa Rica,60.34%
4/1/19,Costa Rica,60.30%
5/1/19,Costa Rica,58.30%
6/1/19,Costa Rica,35.33%
7/1/19,Costa Rica,39.82%
8/1/19,Costa Rica,41.56%
9/1/19,Costa Rica,32.45%
10/1/19,Costa Rica,27.92%
11/1/19,Costa Rica,15.93%
12/1/19,Costa Rica,14.69%
1/1/20,Costa Rica,16.60%
2/1/20,Costa Rica,10.01%
3/1/20,Costa Rica,8.72%
4/1/20,Costa Rica,16.15%
5/1/20,Costa Rica,14.68%
6/1/20,Costa Rica,17.50%
7/1/20,Costa Rica,15.88%
8/1/20,Costa Rica,15.67%
9/1/20,Costa Rica,13.12%
10/1/20,Costa Rica,15.66%
11/1/20,Costa Rica,27.70%
12/1/20,Costa Rica,32.23%
1/1/21,Costa Rica,33.58%
2/1/21,Costa Rica,32.98%
3/1/21,Costa Rica,35.85%
4/1/21,Costa Rica,28.68%
5/1/21,Costa Rica,30.34%
6/1/21,Costa Rica,39.84%
7/1/21,Costa Rica,44.71%
8/1/21,Costa Rica,41.82%
9/1/21,Costa Rica,46.58%
10/1/21,Costa Rica,43.56%
11/1/21,Costa Rica,34.49%
12/1/21,Costa Rica,28.39%
1/1/22,Costa Rica,23.74%
2/1/22,Costa Rica,25.11%
3/1/22,Costa Rica,24.56%
4/1/22,Costa Rica,24.26%
5/1/22,Costa Rica,21.20%
6/1/22,Costa Rica,9.79%
7/1/22,Costa Rica,6.18%
8/1/22,Costa Rica,7.85%
9/1/22,Costa Rica,2.40%
10/1/22,Costa Rica,1.08%
11/1/22,Costa Rica,-1.56%
12/1/22,Costa Rica,-1.02%
1/1/23,Costa Rica,-0.69%
2/1/23,Costa Rica,-1.81%
3/1/23,Costa Rica,-6.54%
4/1/23,Costa Rica,-4.71%
5/1/23,Costa Rica,-5.21%
6/1/23,Costa Rica,-2.17%
7/1/23,Costa Rica,-4.17%
8/1/23,Costa Rica,-7.00%
9/1/23,Costa Rica,-2.33%
10/1/23,Costa Rica,3.66%
11/1/23,Costa Rica,10.63%
12/1/23,Costa Rica,13.38%
1/1/24,Costa Rica,16.19%
2/1/24,Costa Rica,17.39%
3/1/24,Costa Rica,23.89%
4/1/24,Costa Rica,24.35%
5/1/24,Costa Rica,26.30%
6/1/24,Costa Rica,26.14%
7/1/24,Costa Rica,27.22%
8/1/24,Costa Rica,32.05%
9/1/24,Costa Rica,30.56%
10/1/24,Costa Rica,26.82%
11/1/24,Costa Rica,21.42%
12/1/24,Costa Rica,17.61%
1/1/18,Croatia,100.09%
2/1/18,Croatia,53.17%
3/1/18,Croatia,56.14%
4/1/18,Croatia,62.16%
5/1/18,Croatia,47.54%
6/1/18,Croatia,45.76%
7/1/18,Croatia,65.04%
8/1/18,Croatia,58.28%
9/1/18,Croatia,49.82%
10/1/18,Croatia,53.43%
11/1/18,Croatia,49.74%
12/1/18,Croatia,49.58%
1/1/19,Croatia,44.50%
2/1/19,Croatia,50.59%
3/1/19,Croatia,43.84%
4/1/19,Croatia,34.33%
5/1/19,Croatia,38.73%
6/1/19,Croatia,33.65%
7/1/19,Croatia,17.61%
8/1/19,Croatia,18.92%
9/1/19,Croatia,28.99%
10/1/19,Croatia,23.67%
11/1/19,Croatia,24.53%
12/1/19,Croatia,29.42%
1/1/20,Croatia,24.96%
2/1/20,Croatia,16.68%
3/1/20,Croatia,20.10%
4/1/20,Croatia,39.92%
5/1/20,Croatia,45.80%
6/1/20,Croatia,49.90%
7/1/20,Croatia,52.73%
8/1/20,Croatia,54.29%
9/1/20,Croatia,44.57%
10/1/20,Croatia,39.84%
11/1/20,Croatia,36.60%
12/1/20,Croatia,27.93%
1/1/21,Croatia,36.62%
2/1/21,Croatia,45.19%
3/1/21,Croatia,49.13%
4/1/21,Croatia,30.50%
5/1/21,Croatia,19.17%
6/1/21,Croatia,17.41%
7/1/21,Croatia,17.25%
8/1/21,Croatia,14.26%
9/1/21,Croatia,16.17%
10/1/21,Croatia,24.06%
11/1/21,Croatia,30.40%
12/1/21,Croatia,31.14%
1/1/22,Croatia,24.25%
2/1/22,Croatia,17.01%
3/1/22,Croatia,8.27%
4/1/22,Croatia,8.04%
5/1/22,Croatia,15.00%
6/1/22,Croatia,15.09%
7/1/22,Croatia,11.69%
8/1/22,Croatia,11.89%
9/1/22,Croatia,12.89%
10/1/22,Croatia,11.11%
11/1/22,Croatia,4.99%
12/1/22,Croatia,5.00%
1/1/23,Croatia,3.09%
2/1/23,Croatia,2.45%
3/1/23,Croatia,7.34%
4/1/23,Croatia,9.55%
5/1/23,Croatia,5.58%
6/1/23,Croatia,7.01%
7/1/23,Croatia,8.69%
8/1/23,Croatia,7.26%
9/1/23,Croatia,4.76%
10/1/23,Croatia,-0.02%
11/1/23,Croatia,2.48%
12/1/23,Croatia,1.89%
1/1/24,Croatia,3.19%
2/1/24,Croatia,6.71%
3/1/24,Croatia,4.59%
4/1/24,Croatia,5.96%
5/1/24,Croatia,3.66%
6/1/24,Croatia,1.95%
7/1/24,Croatia,4.57%
8/1/24,Croatia,4.82%
9/1/24,Croatia,7.00%
10/1/24,Croatia,10.40%
11/1/24,Croatia,7.76%
12/1/24,Croatia,7.62%
1/1/18,Cyprus,172.53%
2/1/18,Cyprus,68.82%
3/1/18,Cyprus,88.73%
4/1/18,Cyprus,94.39%
5/1/18,Cyprus,58.84%
6/1/18,Cyprus,53.24%
7/1/18,Cyprus,70.17%
8/1/18,Cyprus,59.79%
9/1/18,Cyprus,59.90%
10/1/18,Cyprus,66.16%
11/1/18,Cyprus,58.65%
12/1/18,Cyprus,98.36%
1/1/19,Cyprus,84.15%
2/1/19,Cyprus,95.28%
3/1/19,Cyprus,89.36%
4/1/19,Cyprus,78.02%
5/1/19,Cyprus,135.08%
6/1/19,Cyprus,139.04%
7/1/19,Cyprus,120.37%
8/1/19,Cyprus,127.32%
9/1/19,Cyprus,120.90%
10/1/19,Cyprus,112.43%
11/1/19,Cyprus,117.83%
12/1/19,Cyprus,73.38%
1/1/20,Cyprus,83.03%
2/1/20,Cyprus,71.21%
3/1/20,Cyprus,67.54%
4/1/20,Cyprus,77.56%
5/1/20,Cyprus,29.85%
6/1/20,Cyprus,21.19%
7/1/20,Cyprus,36.94%
8/1/20,Cyprus,30.03%
9/1/20,Cyprus,34.40%
10/1/20,Cyprus,29.98%
11/1/20,Cyprus,25.30%
12/1/20,Cyprus,25.71%
1/1/21,Cyprus,12.26%
2/1/21,Cyprus,19.88%
3/1/21,Cyprus,13.74%
4/1/21,Cyprus,7.65%
5/1/21,Cyprus,6.31%
6/1/21,Cyprus,10.51%
7/1/21,Cyprus,-1.75%
8/1/21,Cyprus,-0.74%
9/1/21,Cyprus,-4.00%
10/1/21,Cyprus,-2.19%
11/1/21,Cyprus,-1.74%
12/1/21,Cyprus,-3.42%
1/1/22,Cyprus,3.68%
2/1/22,Cyprus,-1.82%
3/1/22,Cyprus,15.58%
4/1/22,Cyprus,11.09%
5/1/22,Cyprus,8.21%
6/1/22,Cyprus,10.56%
7/1/22,Cyprus,11.17%
8/1/22,Cyprus,14.62%
9/1/22,Cyprus,14.25%
10/1/22,Cyprus,19.85%
11/1/22,Cyprus,18.44%
12/1/22,Cyprus,19.18%
1/1/23,Cyprus,19.10%
2/1/23,Cyprus,27.53%
3/1/23,Cyprus,13.61%
4/1/23,Cyprus,21.54%
5/1/23,Cyprus,29.97%
6/1/23,Cyprus,29.20%
7/1/23,Cyprus,32.21%
8/1/23,Cyprus,25.99%
9/1/23,Cyprus,29.15%
10/1/23,Cyprus,24.69%
11/1/23,Cyprus,28.46%
12/1/23,Cyprus,34.84%
1/1/24,Cyprus,30.34%
2/1/24,Cyprus,23.19%
3/1/24,Cyprus,27.04%
4/1/24,Cyprus,22.11%
5/1/24,Cyprus,16.61%
6/1/24,Cyprus,12.12%
7/1/24,Cyprus,9.42%
8/1/24,Cyprus,18.48%
9/1/24,Cyprus,16.59%
10/1/24,Cyprus,16.79%
11/1/24,Cyprus,15.35%
12/1/24,Cyprus,6.86%
1/1/18,Czech Republic,-2.29%
2/1/18,Czech Republic,15.70%
3/1/18,Czech Republic,-1.65%
4/1/18,Czech Republic,-5.16%
5/1/18,Czech Republic,-3.47%
6/1/18,Czech Republic,2.46%
7/1/18,Czech Republic,5.06%
8/1/18,Czech Republic,12.72%
9/1/18,Czech Republic,16.14%
10/1/18,Czech Republic,13.07%
11/1/18,Czech Republic,11.89%
12/1/18,Czech Republic,10.26%
1/1/19,Czech Republic,14.01%
2/1/19,Czech Republic,13.03%
3/1/19,Czech Republic,20.30%
4/1/19,Czech Republic,24.17%
5/1/19,Czech Republic,27.83%
6/1/19,Czech Republic,25.77%
7/1/19,Czech Republic,26.34%
8/1/19,Czech Republic,19.45%
9/1/19,Czech Republic,16.32%
10/1/19,Czech Republic,20.97%
11/1/19,Czech Republic,21.32%
12/1/19,Czech Republic,26.64%
1/1/20,Czech Republic,23.86%
2/1/20,Czech Republic,23.17%
3/1/20,Czech Republic,22.37%
4/1/20,Czech Republic,21.90%
5/1/20,Czech Republic,17.77%
6/1/20,Czech Republic,19.04%
7/1/20,Czech Republic,17.32%
8/1/20,Czech Republic,20.67%
9/1/20,Czech Republic,21.90%
10/1/20,Czech Republic,18.24%
11/1/20,Czech Republic,20.51%
12/1/20,Czech Republic,16.06%
1/1/21,Czech Republic,16.73%
2/1/21,Czech Republic,16.89%
3/1/21,Czech Republic,13.95%
4/1/21,Czech Republic,11.81%
5/1/21,Czech Republic,12.89%
6/1/21,Czech Republic,9.91%
7/1/21,Czech Republic,10.82%
8/1/21,Czech Republic,9.33%
9/1/21,Czech Republic,6.21%
10/1/21,Czech Republic,8.52%
11/1/21,Czech Republic,7.02%
12/1/21,Czech Republic,7.30%
1/1/22,Czech Republic,6.43%
2/1/22,Czech Republic,5.97%
3/1/22,Czech Republic,5.83%
4/1/22,Czech Republic,6.08%
5/1/22,Czech Republic,4.57%
6/1/22,Czech Republic,6.71%
7/1/22,Czech Republic,6.23%
8/1/22,Czech Republic,5.79%
9/1/22,Czech Republic,12.07%
10/1/22,Czech Republic,9.90%
11/1/22,Czech Republic,9.85%
12/1/22,Czech Republic,6.71%
1/1/23,Czech Republic,5.25%
2/1/23,Czech Republic,3.82%
3/1/23,Czech Republic,3.83%
4/1/23,Czech Republic,3.70%
5/1/23,Czech Republic,4.85%
6/1/23,Czech Republic,4.44%
7/1/23,Czech Republic,3.88%
8/1/23,Czech Republic,5.43%
9/1/23,Czech Republic,-0.62%
10/1/23,Czech Republic,0.95%
11/1/23,Czech Republic,1.21%
12/1/23,Czech Republic,8.16%
1/1/24,Czech Republic,11.50%
2/1/24,Czech Republic,13.40%
3/1/24,Czech Republic,13.45%
4/1/24,Czech Republic,15.17%
5/1/24,Czech Republic,16.66%
6/1/24,Czech Republic,17.81%
7/1/24,Czech Republic,18.76%
8/1/24,Czech Republic,17.03%
9/1/24,Czech Republic,19.01%
10/1/24,Czech Republic,17.87%
11/1/24,Czech Republic,16.54%
12/1/24,Czech Republic,11.29%
1/1/18,Denmark,20.23%
2/1/18,Denmark,10.45%
3/1/18,Denmark,11.49%
4/1/18,Denmark,11.77%
5/1/18,Denmark,16.41%
6/1/18,Denmark,16.32%
7/1/18,Denmark,20.78%
8/1/18,Denmark,20.64%
9/1/18,Denmark,19.33%
10/1/18,Denmark,20.23%
11/1/18,Denmark,20.70%
12/1/18,Denmark,24.38%
1/1/19,Denmark,24.70%
2/1/19,Denmark,26.80%
3/1/19,Denmark,28.28%
4/1/19,Denmark,29.21%
5/1/19,Denmark,27.66%
6/1/19,Denmark,33.20%
7/1/19,Denmark,33.08%
8/1/19,Denmark,33.45%
9/1/19,Denmark,36.17%
10/1/19,Denmark,35.46%
11/1/19,Denmark,33.87%
12/1/19,Denmark,29.91%
1/1/20,Denmark,28.39%
2/1/20,Denmark,27.19%
3/1/20,Denmark,26.48%
4/1/20,Denmark,25.22%
5/1/20,Denmark,24.34%
6/1/20,Denmark,18.43%
7/1/20,Denmark,14.56%
8/1/20,Denmark,13.26%
9/1/20,Denmark,9.29%
10/1/20,Denmark,7.71%
11/1/20,Denmark,8.60%
12/1/20,Denmark,6.64%
1/1/21,Denmark,7.77%
2/1/21,Denmark,9.24%
3/1/21,Denmark,8.23%
4/1/21,Denmark,8.46%
5/1/21,Denmark,9.58%
6/1/21,Denmark,8.24%
7/1/21,Denmark,11.45%
8/1/21,Denmark,11.64%
9/1/21,Denmark,14.65%
10/1/21,Denmark,16.91%
11/1/21,Denmark,17.15%
12/1/21,Denmark,20.16%
1/1/22,Denmark,19.58%
2/1/22,Denmark,18.70%
3/1/22,Denmark,19.30%
4/1/22,Denmark,18.81%
5/1/22,Denmark,17.01%
6/1/22,Denmark,18.05%
7/1/22,Denmark,14.27%
8/1/22,Denmark,14.59%
9/1/22,Denmark,12.83%
10/1/22,Denmark,11.95%
11/1/22,Denmark,10.59%
12/1/22,Denmark,9.54%
1/1/23,Denmark,8.98%
2/1/23,Denmark,7.47%
3/1/23,Denmark,5.56%
4/1/23,Denmark,5.42%
5/1/23,Denmark,8.10%
6/1/23,Denmark,8.91%
7/1/23,Denmark,10.48%
8/1/23,Denmark,11.25%
9/1/23,Denmark,11.80%
10/1/23,Denmark,10.48%
11/1/23,Denmark,11.95%
12/1/23,Denmark,10.63%
1/1/24,Denmark,11.70%
2/1/24,Denmark,13.45%
3/1/24,Denmark,16.22%
4/1/24,Denmark,17.38%
5/1/24,Denmark,16.51%
6/1/24,Denmark,16.92%
7/1/24,Denmark,18.53%
8/1/24,Denmark,18.29%
9/1/24,Denmark,17.15%
10/1/24,Denmark,18.46%
11/1/24,Denmark,18.75%
12/1/24,Denmark,20.47%
1/1/18,Estonia,-18.53%
2/1/18,Estonia,-36.22%
3/1/18,Estonia,17.42%
4/1/18,Estonia,54.90%
5/1/18,Estonia,61.46%
6/1/18,Estonia,69.47%
7/1/18,Estonia,100.03%
8/1/18,Estonia,89.19%
9/1/18,Estonia,83.34%
10/1/18,Estonia,78.82%
11/1/18,Estonia,74.77%
12/1/18,Estonia,65.40%
1/1/19,Estonia,72.08%
2/1/19,Estonia,98.16%
3/1/19,Estonia,99.75%
4/1/19,Estonia,82.56%
5/1/19,Estonia,72.04%
6/1/19,Estonia,65.08%
7/1/19,Estonia,39.14%
8/1/19,Estonia,39.50%
9/1/19,Estonia,35.67%
10/1/19,Estonia,30.91%
11/1/19,Estonia,27.23%
12/1/19,Estonia,33.59%
1/1/20,Estonia,27.96%
2/1/20,Estonia,3.89%
3/1/20,Estonia,-10.34%
4/1/20,Estonia,-10.67%
5/1/20,Estonia,-7.99%
6/1/20,Estonia,-11.66%
7/1/20,Estonia,-10.08%
8/1/20,Estonia,-10.80%
9/1/20,Estonia,-10.24%
10/1/20,Estonia,-5.62%
11/1/20,Estonia,0.54%
12/1/20,Estonia,-4.18%
1/1/21,Estonia,-5.09%
2/1/21,Estonia,1.59%
3/1/21,Estonia,7.62%
4/1/21,Estonia,30.86%
5/1/21,Estonia,43.90%
6/1/21,Estonia,46.74%
7/1/21,Estonia,47.77%
8/1/21,Estonia,48.42%
9/1/21,Estonia,50.41%
10/1/21,Estonia,48.44%
11/1/21,Estonia,43.48%
12/1/21,Estonia,51.05%
1/1/22,Estonia,58.92%
2/1/22,Estonia,51.67%
3/1/22,Estonia,47.61%
4/1/22,Estonia,27.67%
5/1/22,Estonia,15.27%
6/1/22,Estonia,16.65%
7/1/22,Estonia,17.28%
8/1/22,Estonia,16.85%
9/1/22,Estonia,15.72%
10/1/22,Estonia,15.62%
11/1/22,Estonia,14.95%
12/1/22,Estonia,8.72%
1/1/23,Estonia,-0.66%
2/1/23,Estonia,4.99%
3/1/23,Estonia,3.45%
4/1/23,Estonia,7.31%
5/1/23,Estonia,6.17%
6/1/23,Estonia,5.40%
7/1/23,Estonia,3.46%
8/1/23,Estonia,2.76%
9/1/23,Estonia,0.90%
10/1/23,Estonia,-1.84%
11/1/23,Estonia,-3.70%
12/1/23,Estonia,1.72%
1/1/24,Estonia,6.55%
2/1/24,Estonia,3.53%
3/1/24,Estonia,7.18%
4/1/24,Estonia,1.38%
5/1/24,Estonia,3.13%
6/1/24,Estonia,-0.35%
7/1/24,Estonia,3.98%
8/1/24,Estonia,4.23%
9/1/24,Estonia,11.75%
10/1/24,Estonia,15.31%
11/1/24,Estonia,21.26%
12/1/24,Estonia,17.40%
1/1/18,Finland,29.38%
2/1/18,Finland,15.70%
3/1/18,Finland,9.56%
4/1/18,Finland,13.58%
5/1/18,Finland,15.54%
6/1/18,Finland,12.87%
7/1/18,Finland,6.35%
8/1/18,Finland,6.38%
9/1/18,Finland,7.15%
10/1/18,Finland,7.52%
11/1/18,Finland,8.05%
12/1/18,Finland,7.90%
1/1/19,Finland,5.45%
2/1/19,Finland,3.99%
3/1/19,Finland,4.26%
4/1/19,Finland,3.20%
5/1/19,Finland,3.42%
6/1/19,Finland,8.33%
7/1/19,Finland,14.29%
8/1/19,Finland,15.87%
9/1/19,Finland,15.51%
10/1/19,Finland,16.92%
11/1/19,Finland,16.76%
12/1/19,Finland,19.61%
1/1/20,Finland,22.73%
2/1/20,Finland,26.73%
3/1/20,Finland,28.31%
4/1/20,Finland,30.10%
5/1/20,Finland,29.04%
6/1/20,Finland,24.48%
7/1/20,Finland,19.86%
8/1/20,Finland,18.79%
9/1/20,Finland,20.05%
10/1/20,Finland,19.63%
11/1/20,Finland,19.66%
12/1/20,Finland,16.68%
1/1/21,Finland,14.51%
2/1/21,Finland,13.50%
3/1/21,Finland,14.62%
4/1/21,Finland,9.74%
5/1/21,Finland,9.63%
6/1/21,Finland,10.96%
7/1/21,Finland,14.41%
8/1/21,Finland,13.95%
9/1/21,Finland,12.88%
10/1/21,Finland,11.60%
11/1/21,Finland,12.35%
12/1/21,Finland,12.34%
1/1/22,Finland,11.14%
2/1/22,Finland,9.49%
3/1/22,Finland,6.76%
4/1/22,Finland,10.33%
5/1/22,Finland,9.29%
6/1/22,Finland,6.32%
7/1/22,Finland,6.90%
8/1/22,Finland,6.30%
9/1/22,Finland,5.75%
10/1/22,Finland,6.28%
11/1/22,Finland,4.21%
12/1/22,Finland,3.20%
1/1/23,Finland,2.83%
2/1/23,Finland,4.87%
3/1/23,Finland,2.82%
4/1/23,Finland,1.36%
5/1/23,Finland,1.34%
6/1/23,Finland,4.22%
7/1/23,Finland,-0.05%
8/1/23,Finland,0.45%
9/1/23,Finland,1.18%
10/1/23,Finland,-2.02%
11/1/23,Finland,-2.13%
12/1/23,Finland,1.06%
1/1/24,Finland,4.27%
2/1/24,Finland,2.22%
3/1/24,Finland,7.82%
4/1/24,Finland,8.36%
5/1/24,Finland,10.17%
6/1/24,Finland,11.82%
7/1/24,Finland,15.83%
8/1/24,Finland,17.65%
9/1/24,Finland,16.94%
10/1/24,Finland,23.52%
11/1/24,Finland,27.44%
12/1/24,Finland,26.98%
1/1/18,France,7.09%
2/1/18,France,7.26%
3/1/18,France,6.25%
4/1/18,France,7.82%
5/1/18,France,8.28%
6/1/18,France,8.59%
7/1/18,France,9.97%
8/1/18,France,8.94%
9/1/18,France,8.57%
10/1/18,France,8.31%
11/1/18,France,8.68%
12/1/18,France,8.00%
1/1/19,France,8.08%
2/1/19,France,8.70%
3/1/19,France,9.17%
4/1/19,France,9.05%
5/1/19,France,8.80%
6/1/19,France,8.75%
7/1/19,France,7.28%
8/1/19,France,8.08%
9/1/19,France,8.38%
10/1/19,France,8.58%
11/1/19,France,8.01%
12/1/19,France,7.85%
1/1/20,France,7.14%
2/1/20,France,6.42%
3/1/20,France,7.17%
4/1/20,France,9.22%
5/1/20,France,12.33%
6/1/20,France,13.73%
7/1/20,France,14.27%
8/1/20,France,13.02%
9/1/20,France,12.15%
10/1/20,France,10.89%
11/1/20,France,10.52%
12/1/20,France,11.40%
1/1/21,France,12.06%
2/1/21,France,11.95%
3/1/21,France,10.37%
4/1/21,France,6.29%
5/1/21,France,0.68%
6/1/21,France,-3.04%
7/1/21,France,-3.38%
8/1/21,France,-2.44%
9/1/21,France,-2.12%
10/1/21,France,-0.42%
11/1/21,France,-0.19%
12/1/21,France,-0.70%
1/1/22,France,-0.61%
2/1/22,France,-0.55%
3/1/22,France,-0.65%
4/1/22,France,0.54%
5/1/22,France,3.19%
6/1/22,France,5.55%
7/1/22,France,6.21%
8/1/22,France,4.87%
9/1/22,France,5.06%
10/1/22,France,4.44%
11/1/22,France,4.82%
12/1/22,France,4.71%
1/1/23,France,4.14%
2/1/23,France,3.81%
3/1/23,France,4.09%
4/1/23,France,4.15%
5/1/23,France,3.89%
6/1/23,France,2.69%
7/1/23,France,1.37%
8/1/23,France,2.40%
9/1/23,France,1.75%
10/1/23,France,1.17%
11/1/23,France,-0.10%
12/1/23,France,0.07%
1/1/24,France,0.22%
2/1/24,France,0.10%
3/1/24,France,0.43%
4/1/24,France,0.74%
5/1/24,France,0.58%
6/1/24,France,1.36%
7/1/24,France,2.25%
8/1/24,France,2.69%
9/1/24,France,4.04%
10/1/24,France,4.29%
11/1/24,France,5.47%
12/1/24,France,5.75%
1/1/18,Germany,29.93%
2/1/18,Germany,18.50%
3/1/18,Germany,16.66%
4/1/18,Germany,14.41%
5/1/18,Germany,16.46%
6/1/18,Germany,14.15%
7/1/18,Germany,14.74%
8/1/18,Germany,15.65%
9/1/18,Germany,14.91%
10/1/18,Germany,15.52%
11/1/18,Germany,15.38%
12/1/18,Germany,14.51%
1/1/19,Germany,12.39%
2/1/19,Germany,13.20%
3/1/19,Germany,13.66%
4/1/19,Germany,14.38%
5/1/19,Germany,13.47%
6/1/19,Germany,13.88%
7/1/19,Germany,13.95%
8/1/19,Germany,13.93%
9/1/19,Germany,14.94%
10/1/19,Germany,13.95%
11/1/19,Germany,14.41%
12/1/19,Germany,16.13%
1/1/20,Germany,17.66%
2/1/20,Germany,17.49%
3/1/20,Germany,17.06%
4/1/20,Germany,16.69%
5/1/20,Germany,17.11%
6/1/20,Germany,17.60%
7/1/20,Germany,16.40%
8/1/20,Germany,15.08%
9/1/20,Germany,13.57%
10/1/20,Germany,13.39%
11/1/20,Germany,12.51%
12/1/20,Germany,9.98%
1/1/21,Germany,8.56%
2/1/21,Germany,7.51%
3/1/21,Germany,6.33%
4/1/21,Germany,5.30%
5/1/21,Germany,3.71%
6/1/21,Germany,2.99%
7/1/21,Germany,3.44%
8/1/21,Germany,3.75%
9/1/21,Germany,3.66%
10/1/21,Germany,4.04%
11/1/21,Germany,3.74%
12/1/21,Germany,5.41%
1/1/22,Germany,5.37%
2/1/22,Germany,6.31%
3/1/22,Germany,7.20%
4/1/22,Germany,8.29%
5/1/22,Germany,9.07%
6/1/22,Germany,9.46%
7/1/22,Germany,9.17%
8/1/22,Germany,8.46%
9/1/22,Germany,8.73%
10/1/22,Germany,7.81%
11/1/22,Germany,7.13%
12/1/22,Germany,5.52%
1/1/23,Germany,4.94%
2/1/23,Germany,3.65%
3/1/23,Germany,2.91%
4/1/23,Germany,1.43%
5/1/23,Germany,0.27%
6/1/23,Germany,-0.95%
7/1/23,Germany,-1.94%
8/1/23,Germany,-2.65%
9/1/23,Germany,-3.17%
10/1/23,Germany,-3.30%
11/1/23,Germany,-2.85%
12/1/23,Germany,-2.06%
1/1/24,Germany,-1.95%
2/1/24,Germany,-1.94%
3/1/24,Germany,-1.21%
4/1/24,Germany,-0.20%
5/1/24,Germany,1.09%
6/1/24,Germany,2.43%
7/1/24,Germany,3.60%
8/1/24,Germany,5.44%
9/1/24,Germany,6.50%
10/1/24,Germany,7.78%
11/1/24,Germany,8.61%
12/1/24,Germany,9.10%
1/1/18,Greece,48.88%
2/1/18,Greece,37.06%
3/1/18,Greece,24.50%
4/1/18,Greece,24.04%
5/1/18,Greece,36.26%
6/1/18,Greece,33.35%
7/1/18,Greece,23.06%
8/1/18,Greece,19.73%
9/1/18,Greece,22.16%
10/1/18,Greece,19.87%
11/1/18,Greece,19.89%
12/1/18,Greece,23.71%
1/1/19,Greece,19.49%
2/1/19,Greece,20.32%
3/1/19,Greece,26.11%
4/1/19,Greece,25.04%
5/1/19,Greece,18.15%
6/1/19,Greece,16.87%
7/1/19,Greece,23.83%
8/1/19,Greece,30.03%
9/1/19,Greece,28.42%
10/1/19,Greece,31.00%
11/1/19,Greece,30.96%
12/1/19,Greece,26.90%
1/1/20,Greece,27.89%
2/1/20,Greece,25.08%
3/1/20,Greece,19.97%
4/1/20,Greece,24.34%
5/1/20,Greece,29.56%
6/1/20,Greece,31.12%
7/1/20,Greece,29.10%
8/1/20,Greece,21.30%
9/1/20,Greece,20.34%
10/1/20,Greece,20.33%
11/1/20,Greece,21.29%
12/1/20,Greece,24.75%
1/1/21,Greece,26.94%
2/1/21,Greece,30.64%
3/1/21,Greece,30.82%
4/1/21,Greece,23.46%
5/1/21,Greece,15.97%
6/1/21,Greece,15.92%
7/1/21,Greece,15.52%
8/1/21,Greece,19.38%
9/1/21,Greece,17.89%
10/1/21,Greece,14.29%
11/1/21,Greece,10.35%
12/1/21,Greece,3.06%
1/1/22,Greece,-0.62%
2/1/22,Greece,-6.21%
3/1/22,Greece,-7.19%
4/1/22,Greece,-4.41%
5/1/22,Greece,-2.59%
6/1/22,Greece,-4.55%
7/1/22,Greece,-5.01%
8/1/22,Greece,-6.02%
9/1/22,Greece,-5.49%
10/1/22,Greece,-5.55%
11/1/22,Greece,-4.71%
12/1/22,Greece,2.46%
1/1/23,Greece,3.54%
2/1/23,Greece,5.20%
3/1/23,Greece,5.98%
4/1/23,Greece,5.51%
5/1/23,Greece,4.91%
6/1/23,Greece,5.97%
7/1/23,Greece,5.64%
8/1/23,Greece,3.68%
9/1/23,Greece,5.72%
10/1/23,Greece,9.82%
11/1/23,Greece,13.62%
12/1/23,Greece,7.54%
1/1/24,Greece,7.55%
2/1/24,Greece,8.77%
3/1/24,Greece,9.71%
4/1/24,Greece,9.96%
5/1/24,Greece,16.05%
6/1/24,Greece,15.51%
7/1/24,Greece,15.78%
8/1/24,Greece,18.61%
9/1/24,Greece,17.31%
10/1/24,Greece,15.23%
11/1/24,Greece,11.27%
12/1/24,Greece,14.52%
1/1/18,Hong Kong,63.19%
2/1/18,Hong Kong,50.94%
3/1/18,Hong Kong,43.01%
4/1/18,Hong Kong,39.06%
5/1/18,Hong Kong,37.53%
6/1/18,Hong Kong,37.33%
7/1/18,Hong Kong,35.56%
8/1/18,Hong Kong,36.16%
9/1/18,Hong Kong,37.53%
10/1/18,Hong Kong,32.73%
11/1/18,Hong Kong,31.36%
12/1/18,Hong Kong,26.85%
1/1/19,Hong Kong,21.16%
2/1/19,Hong Kong,20.02%
3/1/19,Hong Kong,18.53%
4/1/19,Hong Kong,15.92%
5/1/19,Hong Kong,15.64%
6/1/19,Hong Kong,13.71%
7/1/19,Hong Kong,13.23%
8/1/19,Hong Kong,10.19%
9/1/19,Hong Kong,7.57%
10/1/19,Hong Kong,10.49%
11/1/19,Hong Kong,12.38%
12/1/19,Hong Kong,17.52%
1/1/20,Hong Kong,19.47%
2/1/20,Hong Kong,17.99%
3/1/20,Hong Kong,21.94%
4/1/20,Hong Kong,24.74%
5/1/20,Hong Kong,26.54%
6/1/20,Hong Kong,28.06%
7/1/20,Hong Kong,29.70%
8/1/20,Hong Kong,33.81%
9/1/20,Hong Kong,32.68%
10/1/20,Hong Kong,29.90%
11/1/20,Hong Kong,26.60%
12/1/20,Hong Kong,25.40%
1/1/21,Hong Kong,24.61%
2/1/21,Hong Kong,23.34%
3/1/21,Hong Kong,19.91%
4/1/21,Hong Kong,17.64%
5/1/21,Hong Kong,11.81%
6/1/21,Hong Kong,8.88%
7/1/21,Hong Kong,5.58%
8/1/21,Hong Kong,1.77%
9/1/21,Hong Kong,2.94%
10/1/21,Hong Kong,4.78%
11/1/21,Hong Kong,5.47%
12/1/21,Hong Kong,5.74%
1/1/22,Hong Kong,6.68%
2/1/22,Hong Kong,11.63%
3/1/22,Hong Kong,10.90%
4/1/22,Hong Kong,10.88%
5/1/22,Hong Kong,12.93%
6/1/22,Hong Kong,15.80%
7/1/22,Hong Kong,17.45%
8/1/22,Hong Kong,16.46%
9/1/22,Hong Kong,15.47%
10/1/22,Hong Kong,16.77%
11/1/22,Hong Kong,15.04%
12/1/22,Hong Kong,11.65%
1/1/23,Hong Kong,11.25%
2/1/23,Hong Kong,9.34%
3/1/23,Hong Kong,9.06%
4/1/23,Hong Kong,9.51%
5/1/23,Hong Kong,10.39%
6/1/23,Hong Kong,8.78%
7/1/23,Hong Kong,8.54%
8/1/23,Hong Kong,9.23%
9/1/23,Hong Kong,10.58%
10/1/23,Hong Kong,8.39%
11/1/23,Hong Kong,13.58%
12/1/23,Hong Kong,17.17%
1/1/24,Hong Kong,18.53%
2/1/24,Hong Kong,15.36%
3/1/24,Hong Kong,16.59%
4/1/24,Hong Kong,17.60%
5/1/24,Hong Kong,18.07%
6/1/24,Hong Kong,20.84%
7/1/24,Hong Kong,20.40%
8/1/24,Hong Kong,22.57%
9/1/24,Hong Kong,22.36%
10/1/24,Hong Kong,24.26%
11/1/24,Hong Kong,21.95%
12/1/24,Hong Kong,20.83%
1/1/18,Hungary,27.04%
2/1/18,Hungary,34.84%
3/1/18,Hungary,51.79%
4/1/18,Hungary,38.17%
5/1/18,Hungary,30.07%
6/1/18,Hungary,29.70%
7/1/18,Hungary,26.82%
8/1/18,Hungary,23.92%
9/1/18,Hungary,19.06%
10/1/18,Hungary,21.05%
11/1/18,Hungary,25.08%
12/1/18,Hungary,23.34%
1/1/19,Hungary,23.01%
2/1/19,Hungary,21.95%
3/1/19,Hungary,13.28%
4/1/19,Hungary,15.03%
5/1/19,Hungary,15.11%
6/1/19,Hungary,11.70%
7/1/19,Hungary,13.01%
8/1/19,Hungary,14.75%
9/1/19,Hungary,18.46%
10/1/19,Hungary,15.76%
11/1/19,Hungary,9.40%
12/1/19,Hungary,13.17%
1/1/20,Hungary,11.03%
2/1/20,Hungary,10.50%
3/1/20,Hungary,15.17%
4/1/20,Hungary,16.11%
5/1/20,Hungary,17.75%
6/1/20,Hungary,24.78%
7/1/20,Hungary,20.55%
8/1/20,Hungary,15.77%
9/1/20,Hungary,16.47%
10/1/20,Hungary,16.97%
11/1/20,Hungary,20.27%
12/1/20,Hungary,18.48%
1/1/21,Hungary,18.61%
2/1/21,Hungary,14.58%
3/1/21,Hungary,14.03%
4/1/21,Hungary,12.50%
5/1/21,Hungary,15.80%
6/1/21,Hungary,8.74%
7/1/21,Hungary,13.15%
8/1/21,Hungary,25.88%
9/1/21,Hungary,23.12%
10/1/21,Hungary,21.31%
11/1/21,Hungary,18.51%
12/1/21,Hungary,17.01%
1/1/22,Hungary,15.96%
2/1/22,Hungary,19.79%
3/1/22,Hungary,18.69%
4/1/22,Hungary,18.59%
5/1/22,Hungary,14.31%
6/1/22,Hungary,16.36%
7/1/22,Hungary,15.30%
8/1/22,Hungary,4.05%
9/1/22,Hungary,7.03%
10/1/22,Hungary,10.59%
11/1/22,Hungary,13.54%
12/1/22,Hungary,13.00%
1/1/23,Hungary,18.60%
2/1/23,Hungary,17.89%
3/1/23,Hungary,16.09%
4/1/23,Hungary,16.99%
5/1/23,Hungary,15.17%
6/1/23,Hungary,12.09%
7/1/23,Hungary,12.29%
8/1/23,Hungary,13.77%
9/1/23,Hungary,10.52%
10/1/23,Hungary,4.94%
11/1/23,Hungary,2.96%
12/1/23,Hungary,4.01%
1/1/24,Hungary,-0.69%
2/1/24,Hungary,-0.56%
3/1/24,Hungary,0.06%
4/1/24,Hungary,-0.56%
5/1/24,Hungary,3.64%
6/1/24,Hungary,10.45%
7/1/24,Hungary,8.76%
8/1/24,Hungary,10.87%
9/1/24,Hungary,13.33%
10/1/24,Hungary,21.40%
11/1/24,Hungary,21.65%
12/1/24,Hungary,22.34%
1/1/18,India,32.86%
2/1/18,India,27.57%
3/1/18,India,25.41%
4/1/18,India,27.11%
5/1/18,India,30.14%
6/1/18,India,30.21%
7/1/18,India,31.39%
8/1/18,India,30.50%
9/1/18,India,30.20%
10/1/18,India,30.29%
11/1/18,India,31.38%
12/1/18,India,33.03%
1/1/19,India,33.34%
2/1/19,India,34.78%
3/1/19,India,36.48%
4/1/19,India,36.17%
5/1/19,India,36.24%
6/1/19,India,36.81%
7/1/19,India,36.12%
8/1/19,India,36.08%
9/1/19,India,35.99%
10/1/19,India,35.23%
11/1/19,India,33.55%
12/1/19,India,30.92%
1/1/20,India,30.71%
2/1/20,India,29.04%
3/1/20,India,27.31%
4/1/20,India,31.62%
5/1/20,India,30.85%
6/1/20,India,28.84%
7/1/20,India,27.44%
8/1/20,India,30.38%
9/1/20,India,32.34%
10/1/20,India,33.27%
11/1/20,India,35.06%
12/1/20,India,35.08%
1/1/21,India,33.86%
2/1/21,India,34.81%
3/1/21,India,34.91%
4/1/21,India,27.37%
5/1/21,India,23.82%
6/1/21,India,24.01%
7/1/21,India,24.08%
8/1/21,India,18.75%
9/1/21,India,13.99%
10/1/21,India,11.25%
11/1/21,India,6.48%
12/1/21,India,4.05%
1/1/22,India,2.00%
2/1/22,India,-1.38%
3/1/22,India,-4.19%
4/1/22,India,-4.27%
5/1/22,India,-4.47%
6/1/22,India,-6.70%
7/1/22,India,-8.58%
8/1/22,India,-9.42%
9/1/22,India,-9.92%
10/1/22,India,-10.89%
11/1/22,India,-10.71%
12/1/22,India,-10.77%
1/1/23,India,-10.97%
2/1/23,India,-10.31%
3/1/23,India,-9.48%
4/1/23,India,-8.61%
5/1/23,India,-7.37%
6/1/23,India,-6.31%
7/1/23,India,-5.43%
8/1/23,India,-2.95%
9/1/23,India,-0.04%
10/1/23,India,2.99%
11/1/23,India,6.85%
12/1/23,India,10.91%
1/1/24,India,14.60%
2/1/24,India,17.36%
3/1/24,India,20.85%
4/1/24,India,24.01%
5/1/24,India,26.56%
6/1/24,India,30.32%
7/1/24,India,33.14%
8/1/24,India,34.07%
9/1/24,India,34.78%
10/1/24,India,35.33%
11/1/24,India,34.63%
12/1/24,India,33.39%
1/1/18,Indonesia,73.97%
2/1/18,Indonesia,57.84%
3/1/18,Indonesia,43.55%
4/1/18,Indonesia,47.21%
5/1/18,Indonesia,46.04%
6/1/18,Indonesia,49.56%
7/1/18,Indonesia,45.81%
8/1/18,Indonesia,44.62%
9/1/18,Indonesia,41.83%
10/1/18,Indonesia,39.54%
11/1/18,Indonesia,39.84%
12/1/18,Indonesia,36.73%
1/1/19,Indonesia,33.24%
2/1/19,Indonesia,31.75%
3/1/19,Indonesia,33.21%
4/1/19,Indonesia,27.65%
5/1/19,Indonesia,26.88%
6/1/19,Indonesia,22.49%
7/1/19,Indonesia,22.34%
8/1/19,Indonesia,20.56%
9/1/19,Indonesia,21.08%
10/1/19,Indonesia,22.26%
11/1/19,Indonesia,21.34%
12/1/19,Indonesia,24.32%
1/1/20,Indonesia,21.65%
2/1/20,Indonesia,20.38%
3/1/20,Indonesia,18.23%
4/1/20,Indonesia,23.85%
5/1/20,Indonesia,27.66%
6/1/20,Indonesia,27.96%
7/1/20,Indonesia,29.31%
8/1/20,Indonesia,30.37%
9/1/20,Indonesia,31.17%
10/1/20,Indonesia,29.34%
11/1/20,Indonesia,27.86%
12/1/20,Indonesia,25.14%
1/1/21,Indonesia,27.36%
2/1/21,Indonesia,28.88%
3/1/21,Indonesia,29.17%
4/1/21,Indonesia,22.54%
5/1/21,Indonesia,14.98%
6/1/21,Indonesia,12.13%
7/1/21,Indonesia,8.71%
8/1/21,Indonesia,8.41%
9/1/21,Indonesia,4.22%
10/1/21,Indonesia,3.40%
11/1/21,Indonesia,2.75%
12/1/21,Indonesia,2.72%
1/1/22,Indonesia,-0.05%
2/1/22,Indonesia,1.92%
3/1/22,Indonesia,3.58%
4/1/22,Indonesia,6.40%
5/1/22,Indonesia,9.02%
6/1/22,Indonesia,10.90%
7/1/22,Indonesia,11.79%
8/1/22,Indonesia,12.17%
9/1/22,Indonesia,16.60%
10/1/22,Indonesia,17.61%
11/1/22,Indonesia,17.71%
12/1/22,Indonesia,18.55%
1/1/23,Indonesia,20.77%
2/1/23,Indonesia,17.96%
3/1/23,Indonesia,16.86%
4/1/23,Indonesia,17.35%
5/1/23,Indonesia,15.79%
6/1/23,Indonesia,16.43%
7/1/23,Indonesia,17.87%
8/1/23,Indonesia,17.30%
9/1/23,Indonesia,15.01%
10/1/23,Indonesia,16.43%
11/1/23,Indonesia,18.50%
12/1/23,Indonesia,19.33%
1/1/24,Indonesia,19.71%
2/1/24,Indonesia,20.64%
3/1/24,Indonesia,21.10%
4/1/24,Indonesia,21.97%
5/1/24,Indonesia,22.71%
6/1/24,Indonesia,22.94%
7/1/24,Indonesia,22.11%
8/1/24,Indonesia,19.67%
9/1/24,Indonesia,23.12%
10/1/24,Indonesia,21.01%
11/1/24,Indonesia,18.43%
12/1/24,Indonesia,16.61%
1/1/18,Ireland,8.76%
2/1/18,Ireland,26.61%
3/1/18,Ireland,21.41%
4/1/18,Ireland,26.72%
5/1/18,Ireland,23.98%
6/1/18,Ireland,24.61%
7/1/18,Ireland,20.95%
8/1/18,Ireland,25.05%
9/1/18,Ireland,25.44%
10/1/18,Ireland,26.98%
11/1/18,Ireland,25.78%
12/1/18,Ireland,25.23%
1/1/19,Ireland,24.84%
2/1/19,Ireland,20.48%
3/1/19,Ireland,21.67%
4/1/19,Ireland,16.95%
5/1/19,Ireland,16.27%
6/1/19,Ireland,13.36%
7/1/19,Ireland,15.06%
8/1/19,Ireland,11.18%
9/1/19,Ireland,10.62%
10/1/19,Ireland,8.24%
11/1/19,Ireland,7.94%
12/1/19,Ireland,9.71%
1/1/20,Ireland,11.09%
2/1/20,Ireland,11.91%
3/1/20,Ireland,11.91%
4/1/20,Ireland,18.35%
5/1/20,Ireland,20.68%
6/1/20,Ireland,24.24%
7/1/20,Ireland,23.88%
8/1/20,Ireland,24.26%
9/1/20,Ireland,21.88%
10/1/20,Ireland,19.64%
11/1/20,Ireland,21.21%
12/1/20,Ireland,18.73%
1/1/21,Ireland,19.34%
2/1/21,Ireland,22.16%
3/1/21,Ireland,20.18%
4/1/21,Ireland,14.10%
5/1/21,Ireland,10.32%
6/1/21,Ireland,6.85%
7/1/21,Ireland,6.74%
8/1/21,Ireland,5.36%
9/1/21,Ireland,6.82%
10/1/21,Ireland,9.47%
11/1/21,Ireland,6.47%
12/1/21,Ireland,7.43%
1/1/22,Ireland,5.77%
2/1/22,Ireland,1.93%
3/1/22,Ireland,0.31%
4/1/22,Ireland,2.00%
5/1/22,Ireland,4.21%
6/1/22,Ireland,4.89%
7/1/22,Ireland,3.15%
8/1/22,Ireland,4.82%
9/1/22,Ireland,4.61%
10/1/22,Ireland,4.83%
11/1/22,Ireland,5.73%
12/1/22,Ireland,3.08%
1/1/23,Ireland,0.59%
2/1/23,Ireland,0.62%
3/1/23,Ireland,2.41%
4/1/23,Ireland,0.62%
5/1/23,Ireland,-1.70%
6/1/23,Ireland,-3.32%
7/1/23,Ireland,-2.39%
8/1/23,Ireland,-5.13%
9/1/23,Ireland,-6.10%
10/1/23,Ireland,-9.02%
11/1/23,Ireland,-9.66%
12/1/23,Ireland,-8.82%
1/1/24,Ireland,-6.23%
2/1/24,Ireland,-2.49%
3/1/24,Ireland,-0.69%
4/1/24,Ireland,1.63%
5/1/24,Ireland,3.61%
6/1/24,Ireland,8.11%
7/1/24,Ireland,8.99%
8/1/24,Ireland,13.51%
9/1/24,Ireland,14.67%
10/1/24,Ireland,17.48%
11/1/24,Ireland,21.64%
12/1/24,Ireland,24.58%
1/1/18,Israel,25.09%
2/1/18,Israel,16.35%
3/1/18,Israel,15.22%
4/1/18,Israel,10.39%
5/1/18,Israel,11.13%
6/1/18,Israel,12.68%
7/1/18,Israel,15.38%
8/1/18,Israel,17.24%
9/1/18,Israel,19.23%
10/1/18,Israel,18.77%
11/1/18,Israel,17.48%
12/1/18,Israel,14.62%
1/1/19,Israel,12.24%
2/1/19,Israel,12.84%
3/1/19,Israel,14.95%
4/1/19,Israel,16.41%
5/1/19,Israel,16.48%
6/1/19,Israel,17.03%
7/1/19,Israel,15.20%
8/1/19,Israel,12.74%
9/1/19,Israel,10.59%
10/1/19,Israel,9.62%
11/1/19,Israel,12.61%
12/1/19,Israel,16.82%
1/1/20,Israel,18.18%
2/1/20,Israel,17.66%
3/1/20,Israel,15.27%
4/1/20,Israel,15.65%
5/1/20,Israel,13.57%
6/1/20,Israel,13.08%
7/1/20,Israel,12.01%
8/1/20,Israel,13.07%
9/1/20,Israel,11.58%
10/1/20,Israel,12.61%
11/1/20,Israel,9.15%
12/1/20,Israel,8.08%
1/1/21,Israel,9.11%
2/1/21,Israel,9.71%
3/1/21,Israel,9.20%
4/1/21,Israel,7.52%
5/1/21,Israel,10.19%
6/1/21,Israel,8.74%
7/1/21,Israel,11.39%
8/1/21,Israel,10.34%
9/1/21,Israel,12.69%
10/1/21,Israel,11.67%
11/1/21,Israel,11.62%
12/1/21,Israel,8.92%
1/1/22,Israel,6.74%
2/1/22,Israel,5.69%
3/1/22,Israel,5.21%
4/1/22,Israel,5.88%
5/1/22,Israel,4.26%
6/1/22,Israel,3.98%
7/1/22,Israel,1.74%
8/1/22,Israel,2.05%
9/1/22,Israel,1.06%
10/1/22,Israel,0.83%
11/1/22,Israel,0.61%
12/1/22,Israel,1.60%
1/1/23,Israel,1.09%
2/1/23,Israel,0.45%
3/1/23,Israel,-0.06%
4/1/23,Israel,-0.05%
5/1/23,Israel,-0.55%
6/1/23,Israel,-1.22%
7/1/23,Israel,-1.53%
8/1/23,Israel,-1.97%
9/1/23,Israel,-2.90%
10/1/23,Israel,-3.15%
11/1/23,Israel,-0.17%
12/1/23,Israel,0.78%
1/1/24,Israel,2.94%
2/1/24,Israel,4.60%
3/1/24,Israel,6.57%
4/1/24,Israel,5.84%
5/1/24,Israel,8.63%
6/1/24,Israel,11.03%
7/1/24,Israel,12.24%
8/1/24,Israel,13.25%
9/1/24,Israel,15.69%
10/1/24,Israel,16.70%
11/1/24,Israel,14.16%
12/1/24,Israel,14.28%
1/1/18,Italy,7.21%
2/1/18,Italy,17.34%
3/1/18,Italy,15.33%
4/1/18,Italy,16.54%
5/1/18,Italy,19.95%
6/1/18,Italy,16.56%
7/1/18,Italy,16.49%
8/1/18,Italy,21.64%
9/1/18,Italy,21.06%
10/1/18,Italy,20.94%
11/1/18,Italy,22.27%
12/1/18,Italy,24.20%
1/1/19,Italy,27.58%
2/1/19,Italy,27.27%
3/1/19,Italy,29.03%
4/1/19,Italy,26.92%
5/1/19,Italy,25.68%
6/1/19,Italy,28.08%
7/1/19,Italy,28.81%
8/1/19,Italy,24.76%
9/1/19,Italy,24.92%
10/1/19,Italy,25.11%
11/1/19,Italy,23.10%
12/1/19,Italy,20.27%
1/1/20,Italy,16.36%
2/1/20,Italy,15.01%
3/1/20,Italy,15.54%
4/1/20,Italy,23.96%
5/1/20,Italy,25.24%
6/1/20,Italy,24.57%
7/1/20,Italy,22.83%
8/1/20,Italy,23.61%
9/1/20,Italy,23.70%
10/1/20,Italy,22.85%
11/1/20,Italy,23.90%
12/1/20,Italy,25.26%
1/1/21,Italy,27.65%
2/1/21,Italy,28.34%
3/1/21,Italy,24.68%
4/1/21,Italy,15.38%
5/1/21,Italy,12.79%
6/1/21,Italy,12.15%
7/1/21,Italy,13.31%
8/1/21,Italy,11.53%
9/1/21,Italy,11.64%
10/1/21,Italy,11.42%
11/1/21,Italy,8.95%
12/1/21,Italy,6.97%
1/1/22,Italy,4.87%
2/1/22,Italy,4.33%
3/1/22,Italy,5.59%
4/1/22,Italy,6.66%
5/1/22,Italy,6.53%
6/1/22,Italy,6.11%
7/1/22,Italy,5.34%
8/1/22,Italy,8.23%
9/1/22,Italy,6.49%
10/1/22,Italy,6.05%
11/1/22,Italy,8.30%
12/1/22,Italy,7.03%
1/1/23,Italy,6.73%
2/1/23,Italy,6.68%
3/1/23,Italy,6.11%
4/1/23,Italy,7.28%
5/1/23,Italy,8.17%
6/1/23,Italy,7.54%
7/1/23,Italy,6.92%
8/1/23,Italy,3.49%
9/1/23,Italy,3.62%
10/1/23,Italy,4.50%
11/1/23,Italy,2.35%
12/1/23,Italy,5.65%
1/1/24,Italy,6.22%
2/1/24,Italy,6.14%
3/1/24,Italy,6.77%
4/1/24,Italy,7.33%
5/1/24,Italy,7.46%
6/1/24,Italy,9.29%
7/1/24,Italy,11.23%
8/1/24,Italy,14.43%
9/1/24,Italy,16.68%
10/1/24,Italy,16.94%
11/1/24,Italy,19.92%
12/1/24,Italy,19.78%
1/1/18,Latvia,17.25%
2/1/18,Latvia,-12.61%
3/1/18,Latvia,34.97%
4/1/18,Latvia,22.66%
5/1/18,Latvia,27.40%
6/1/18,Latvia,19.46%
7/1/18,Latvia,13.88%
8/1/18,Latvia,4.92%
9/1/18,Latvia,10.09%
10/1/18,Latvia,37.74%
11/1/18,Latvia,43.23%
12/1/18,Latvia,33.58%
1/1/19,Latvia,35.21%
2/1/19,Latvia,65.45%
3/1/19,Latvia,56.44%
4/1/19,Latvia,63.92%
5/1/19,Latvia,59.61%
6/1/19,Latvia,64.06%
7/1/19,Latvia,66.07%
8/1/19,Latvia,76.14%
9/1/19,Latvia,68.41%
10/1/19,Latvia,42.70%
11/1/19,Latvia,30.68%
12/1/19,Latvia,41.96%
1/1/20,Latvia,37.58%
2/1/20,Latvia,6.94%
3/1/20,Latvia,1.01%
4/1/20,Latvia,-1.85%
5/1/20,Latvia,0.35%
6/1/20,Latvia,-2.55%
7/1/20,Latvia,1.72%
8/1/20,Latvia,-3.14%
9/1/20,Latvia,0.74%
10/1/20,Latvia,1.39%
11/1/20,Latvia,11.07%
12/1/20,Latvia,16.43%
1/1/21,Latvia,23.65%
2/1/21,Latvia,34.99%
3/1/21,Latvia,43.57%
4/1/21,Latvia,40.39%
5/1/21,Latvia,41.07%
6/1/21,Latvia,43.83%
7/1/21,Latvia,35.95%
8/1/21,Latvia,35.03%
9/1/21,Latvia,36.89%
10/1/21,Latvia,38.30%
11/1/21,Latvia,32.59%
12/1/21,Latvia,20.29%
1/1/22,Latvia,10.43%
2/1/22,Latvia,0.06%
3/1/22,Latvia,-2.58%
4/1/22,Latvia,-5.44%
5/1/22,Latvia,-7.94%
6/1/22,Latvia,-13.47%
7/1/22,Latvia,-10.55%
8/1/22,Latvia,-8.74%
9/1/22,Latvia,-12.82%
10/1/22,Latvia,-5.95%
11/1/22,Latvia,-6.16%
12/1/22,Latvia,-4.92%
1/1/23,Latvia,4.11%
2/1/23,Latvia,10.46%
3/1/23,Latvia,9.18%
4/1/23,Latvia,12.46%
5/1/23,Latvia,9.29%
6/1/23,Latvia,12.88%
7/1/23,Latvia,14.50%
8/1/23,Latvia,15.88%
9/1/23,Latvia,19.57%
10/1/23,Latvia,10.23%
11/1/23,Latvia,10.20%
12/1/23,Latvia,11.92%
1/1/24,Latvia,6.76%
2/1/24,Latvia,6.41%
3/1/24,Latvia,9.80%
4/1/24,Latvia,7.31%
5/1/24,Latvia,13.02%
6/1/24,Latvia,12.69%
7/1/24,Latvia,13.88%
8/1/24,Latvia,7.83%
9/1/24,Latvia,9.62%
10/1/24,Latvia,13.80%
11/1/24,Latvia,19.54%
12/1/24,Latvia,23.60%
1/1/18,Lithuania,-35.66%
2/1/18,Lithuania,3.11%
3/1/18,Lithuania,42.19%
4/1/18,Lithuania,55.59%
5/1/18,Lithuania,59.37%
6/1/18,Lithuania,51.89%
7/1/18,Lithuania,70.67%
8/1/18,Lithuania,55.81%
9/1/18,Lithuania,55.51%
10/1/18,Lithuania,50.50%
11/1/18,Lithuania,46.91%
12/1/18,Lithuania,45.06%
1/1/19,Lithuania,56.76%
2/1/19,Lithuania,51.77%
3/1/19,Lithuania,41.09%
4/1/19,Lithuania,33.06%
5/1/19,Lithuania,30.47%
6/1/19,Lithuania,29.99%
7/1/19,Lithuania,15.88%
8/1/19,Lithuania,29.52%
9/1/19,Lithuania,23.39%
10/1/19,Lithuania,22.98%
11/1/19,Lithuania,24.37%
12/1/19,Lithuania,22.59%
1/1/20,Lithuania,14.71%
2/1/20,Lithuania,15.66%
3/1/20,Lithuania,18.67%
4/1/20,Lithuania,19.10%
5/1/20,Lithuania,19.11%
6/1/20,Lithuania,17.27%
7/1/20,Lithuania,16.52%
8/1/20,Lithuania,6.82%
9/1/20,Lithuania,11.93%
10/1/20,Lithuania,14.43%
11/1/20,Lithuania,12.13%
12/1/20,Lithuania,15.26%
1/1/21,Lithuania,15.46%
2/1/21,Lithuania,15.71%
3/1/21,Lithuania,15.13%
4/1/21,Lithuania,13.62%
5/1/21,Lithuania,6.10%
6/1/21,Lithuania,8.88%
7/1/21,Lithuania,11.20%
8/1/21,Lithuania,11.61%
9/1/21,Lithuania,7.89%
10/1/21,Lithuania,4.36%
11/1/21,Lithuania,5.42%
12/1/21,Lithuania,2.52%
1/1/22,Lithuania,-1.25%
2/1/22,Lithuania,4.89%
3/1/22,Lithuania,1.60%
4/1/22,Lithuania,5.13%
5/1/22,Lithuania,14.10%
6/1/22,Lithuania,12.34%
7/1/22,Lithuania,7.37%
8/1/22,Lithuania,8.36%
9/1/22,Lithuania,7.98%
10/1/22,Lithuania,9.92%
11/1/22,Lithuania,7.25%
12/1/22,Lithuania,7.37%
1/1/23,Lithuania,12.67%
2/1/23,Lithuania,6.45%
3/1/23,Lithuania,10.04%
4/1/23,Lithuania,7.92%
5/1/23,Lithuania,1.92%
6/1/23,Lithuania,1.07%
7/1/23,Lithuania,5.63%
8/1/23,Lithuania,4.22%
9/1/23,Lithuania,7.20%
10/1/23,Lithuania,7.59%
11/1/23,Lithuania,10.59%
12/1/23,Lithuania,10.22%
1/1/24,Lithuania,7.53%
2/1/24,Lithuania,7.75%
3/1/24,Lithuania,6.49%
4/1/24,Lithuania,6.48%
5/1/24,Lithuania,9.10%
6/1/24,Lithuania,14.35%
7/1/24,Lithuania,10.96%
8/1/24,Lithuania,11.77%
9/1/24,Lithuania,11.98%
10/1/24,Lithuania,13.25%
11/1/24,Lithuania,12.13%
12/1/24,Lithuania,12.20%
1/1/18,Luxembourg,-10.41%
2/1/18,Luxembourg,-20.01%
3/1/18,Luxembourg,-8.68%
4/1/18,Luxembourg,9.65%
5/1/18,Luxembourg,5.45%
6/1/18,Luxembourg,16.65%
7/1/18,Luxembourg,11.78%
8/1/18,Luxembourg,29.91%
9/1/18,Luxembourg,30.30%
10/1/18,Luxembourg,27.65%
11/1/18,Luxembourg,23.96%
12/1/18,Luxembourg,19.25%
1/1/19,Luxembourg,23.45%
2/1/19,Luxembourg,27.08%
3/1/19,Luxembourg,24.63%
4/1/19,Luxembourg,19.07%
5/1/19,Luxembourg,25.49%
6/1/19,Luxembourg,22.48%
7/1/19,Luxembourg,28.61%
8/1/19,Luxembourg,12.95%
9/1/19,Luxembourg,7.81%
10/1/19,Luxembourg,7.05%
11/1/19,Luxembourg,8.77%
12/1/19,Luxembourg,20.06%
1/1/20,Luxembourg,17.48%
2/1/20,Luxembourg,20.07%
3/1/20,Luxembourg,22.91%
4/1/20,Luxembourg,21.00%
5/1/20,Luxembourg,16.71%
6/1/20,Luxembourg,15.75%
7/1/20,Luxembourg,12.55%
8/1/20,Luxembourg,17.77%
9/1/20,Luxembourg,26.19%
10/1/20,Luxembourg,27.04%
11/1/20,Luxembourg,28.08%
12/1/20,Luxembourg,15.84%
1/1/21,Luxembourg,18.33%
2/1/21,Luxembourg,13.07%
3/1/21,Luxembourg,12.09%
4/1/21,Luxembourg,22.92%
5/1/21,Luxembourg,20.62%
6/1/21,Luxembourg,17.77%
7/1/21,Luxembourg,16.81%
8/1/21,Luxembourg,15.40%
9/1/21,Luxembourg,8.64%
10/1/21,Luxembourg,9.20%
11/1/21,Luxembourg,6.92%
12/1/21,Luxembourg,19.14%
1/1/22,Luxembourg,16.96%
2/1/22,Luxembourg,21.57%
3/1/22,Luxembourg,21.02%
4/1/22,Luxembourg,13.83%
5/1/22,Luxembourg,20.10%
6/1/22,Luxembourg,18.93%
7/1/22,Luxembourg,19.19%
8/1/22,Luxembourg,18.04%
9/1/22,Luxembourg,19.81%
10/1/22,Luxembourg,18.89%
11/1/22,Luxembourg,20.16%
12/1/22,Luxembourg,12.19%
1/1/23,Luxembourg,10.36%
2/1/23,Luxembourg,8.35%
3/1/23,Luxembourg,9.14%
4/1/23,Luxembourg,7.55%
5/1/23,Luxembourg,4.10%
6/1/23,Luxembourg,8.73%
7/1/23,Luxembourg,5.94%
8/1/23,Luxembourg,5.32%
9/1/23,Luxembourg,5.07%
10/1/23,Luxembourg,6.92%
11/1/23,Luxembourg,7.14%
12/1/23,Luxembourg,5.80%
1/1/24,Luxembourg,6.90%
2/1/24,Luxembourg,6.43%
3/1/24,Luxembourg,8.31%
4/1/24,Luxembourg,10.83%
5/1/24,Luxembourg,7.97%
6/1/24,Luxembourg,3.81%
7/1/24,Luxembourg,9.03%
8/1/24,Luxembourg,8.51%
9/1/24,Luxembourg,8.62%
10/1/24,Luxembourg,5.88%
11/1/24,Luxembourg,7.21%
12/1/24,Luxembourg,9.15%
1/1/18,Mexico,60.18%
2/1/18,Mexico,34.95%
3/1/18,Mexico,39.21%
4/1/18,Mexico,30.17%
5/1/18,Mexico,31.27%
6/1/18,Mexico,29.09%
7/1/18,Mexico,32.55%
8/1/18,Mexico,29.66%
9/1/18,Mexico,27.41%
10/1/18,Mexico,28.08%
11/1/18,Mexico,24.29%
12/1/18,Mexico,22.63%
1/1/19,Mexico,18.49%
2/1/19,Mexico,17.66%
3/1/19,Mexico,15.15%
4/1/19,Mexico,17.66%
5/1/19,Mexico,16.63%
6/1/19,Mexico,17.33%
7/1/19,Mexico,13.56%
8/1/19,Mexico,15.81%
9/1/19,Mexico,19.45%
10/1/19,Mexico,17.80%
11/1/19,Mexico,23.01%
12/1/19,Mexico,25.36%
1/1/20,Mexico,25.83%
2/1/20,Mexico,30.55%
3/1/20,Mexico,30.41%
4/1/20,Mexico,30.23%
5/1/20,Mexico,29.21%
6/1/20,Mexico,29.63%
7/1/20,Mexico,31.90%
8/1/20,Mexico,30.15%
9/1/20,Mexico,27.06%
10/1/20,Mexico,28.61%
11/1/20,Mexico,26.94%
12/1/20,Mexico,27.22%
1/1/21,Mexico,28.74%
2/1/21,Mexico,25.68%
3/1/21,Mexico,25.83%
4/1/21,Mexico,24.37%
5/1/21,Mexico,27.48%
6/1/21,Mexico,26.62%
7/1/21,Mexico,25.79%
8/1/21,Mexico,26.35%
9/1/21,Mexico,25.91%
10/1/21,Mexico,23.80%
11/1/21,Mexico,22.05%
12/1/21,Mexico,20.05%
1/1/22,Mexico,17.98%
2/1/22,Mexico,17.29%
3/1/22,Mexico,16.99%
4/1/22,Mexico,16.68%
5/1/22,Mexico,13.34%
6/1/22,Mexico,11.56%
7/1/22,Mexico,9.99%
8/1/22,Mexico,7.88%
9/1/22,Mexico,7.89%
10/1/22,Mexico,8.02%
11/1/22,Mexico,7.37%
12/1/22,Mexico,5.75%
1/1/23,Mexico,4.19%
2/1/23,Mexico,3.36%
3/1/23,Mexico,1.22%
4/1/23,Mexico,-0.05%
5/1/23,Mexico,-0.91%
6/1/23,Mexico,-0.64%
7/1/23,Mexico,-1.31%
8/1/23,Mexico,-0.04%
9/1/23,Mexico,-0.31%
10/1/23,Mexico,-0.13%
11/1/23,Mexico,3.01%
12/1/23,Mexico,5.06%
1/1/24,Mexico,7.51%
2/1/24,Mexico,9.28%
3/1/24,Mexico,12.49%
4/1/24,Mexico,15.20%
5/1/24,Mexico,16.61%
6/1/24,Mexico,19.44%
7/1/24,Mexico,21.96%
8/1/24,Mexico,22.75%
9/1/24,Mexico,24.61%
10/1/24,Mexico,26.06%
11/1/24,Mexico,23.61%
12/1/24,Mexico,24.02%
1/1/18,Netherlands,9.61%
2/1/18,Netherlands,11.25%
3/1/18,Netherlands,11.44%
4/1/18,Netherlands,10.67%
5/1/18,Netherlands,11.02%
6/1/18,Netherlands,12.66%
7/1/18,Netherlands,13.11%
8/1/18,Netherlands,13.50%
9/1/18,Netherlands,14.21%
10/1/18,Netherlands,13.53%
11/1/18,Netherlands,13.88%
12/1/18,Netherlands,13.44%
1/1/19,Netherlands,14.13%
2/1/19,Netherlands,13.87%
3/1/19,Netherlands,14.44%
4/1/19,Netherlands,15.65%
5/1/19,Netherlands,15.83%
6/1/19,Netherlands,14.60%
7/1/19,Netherlands,15.10%
8/1/19,Netherlands,14.96%
9/1/19,Netherlands,14.03%
10/1/19,Netherlands,14.65%
11/1/19,Netherlands,13.62%
12/1/19,Netherlands,14.04%
1/1/20,Netherlands,12.72%
2/1/20,Netherlands,12.96%
3/1/20,Netherlands,12.44%
4/1/20,Netherlands,11.65%
5/1/20,Netherlands,11.90%
6/1/20,Netherlands,12.33%
7/1/20,Netherlands,11.26%
8/1/20,Netherlands,10.44%
9/1/20,Netherlands,10.19%
10/1/20,Netherlands,9.19%
11/1/20,Netherlands,9.62%
12/1/20,Netherlands,8.54%
1/1/21,Netherlands,9.33%
2/1/21,Netherlands,7.96%
3/1/21,Netherlands,7.81%
4/1/21,Netherlands,7.19%
5/1/21,Netherlands,5.69%
6/1/21,Netherlands,5.27%
7/1/21,Netherlands,4.97%
8/1/21,Netherlands,5.86%
9/1/21,Netherlands,6.07%
10/1/21,Netherlands,6.85%
11/1/21,Netherlands,6.80%
12/1/21,Netherlands,7.20%
1/1/22,Netherlands,7.18%
2/1/22,Netherlands,9.49%
3/1/22,Netherlands,8.86%
4/1/22,Netherlands,8.00%
5/1/22,Netherlands,8.20%
6/1/22,Netherlands,8.13%
7/1/22,Netherlands,8.38%
8/1/22,Netherlands,7.19%
9/1/22,Netherlands,7.29%
10/1/22,Netherlands,6.57%
11/1/22,Netherlands,5.95%
12/1/22,Netherlands,6.90%
1/1/23,Netherlands,5.96%
2/1/23,Netherlands,4.27%
3/1/23,Netherlands,4.17%
4/1/23,Netherlands,5.04%
5/1/23,Netherlands,5.09%
6/1/23,Netherlands,5.09%
7/1/23,Netherlands,4.68%
8/1/23,Netherlands,4.66%
9/1/23,Netherlands,4.00%
10/1/23,Netherlands,4.23%
11/1/23,Netherlands,4.51%
12/1/23,Netherlands,2.95%
1/1/24,Netherlands,3.18%
2/1/24,Netherlands,3.45%
3/1/24,Netherlands,3.84%
4/1/24,Netherlands,3.98%
5/1/24,Netherlands,4.73%
6/1/24,Netherlands,5.22%
7/1/24,Netherlands,5.68%
8/1/24,Netherlands,7.07%
9/1/24,Netherlands,7.37%
10/1/24,Netherlands,7.53%
11/1/24,Netherlands,8.03%
12/1/24,Netherlands,8.57%
1/1/18,New Zealand,8.23%
2/1/18,New Zealand,2.08%
3/1/18,New Zealand,12.33%
4/1/18,New Zealand,13.40%
5/1/18,New Zealand,10.88%
6/1/18,New Zealand,12.58%
7/1/18,New Zealand,11.93%
8/1/18,New Zealand,14.49%
9/1/18,New Zealand,15.38%
10/1/18,New Zealand,14.34%
11/1/18,New Zealand,15.54%
12/1/18,New Zealand,13.14%
1/1/19,New Zealand,13.65%
2/1/19,New Zealand,16.54%
3/1/19,New Zealand,14.84%
4/1/19,New Zealand,13.41%
5/1/19,New Zealand,15.96%
6/1/19,New Zealand,16.44%
7/1/19,New Zealand,18.36%
8/1/19,New Zealand,16.45%
9/1/19,New Zealand,14.50%
10/1/19,New Zealand,15.61%
11/1/19,New Zealand,17.76%
12/1/19,New Zealand,21.94%
1/1/20,New Zealand,22.59%
2/1/20,New Zealand,19.30%
3/1/20,New Zealand,21.05%
4/1/20,New Zealand,24.18%
5/1/20,New Zealand,21.96%
6/1/20,New Zealand,18.90%
7/1/20,New Zealand,16.08%
8/1/20,New Zealand,16.49%
9/1/20,New Zealand,17.64%
10/1/20,New Zealand,16.58%
11/1/20,New Zealand,11.21%
12/1/20,New Zealand,9.58%
1/1/21,New Zealand,7.83%
2/1/21,New Zealand,10.99%
3/1/21,New Zealand,7.60%
4/1/21,New Zealand,3.70%
5/1/21,New Zealand,4.74%
6/1/21,New Zealand,7.50%
7/1/21,New Zealand,10.17%
8/1/21,New Zealand,9.53%
9/1/21,New Zealand,10.70%
10/1/21,New Zealand,11.81%
11/1/21,New Zealand,13.82%
12/1/21,New Zealand,13.34%
1/1/22,New Zealand,13.74%
2/1/22,New Zealand,11.95%
3/1/22,New Zealand,15.34%
4/1/22,New Zealand,16.93%
5/1/22,New Zealand,16.38%
6/1/22,New Zealand,15.16%
7/1/22,New Zealand,12.77%
8/1/22,New Zealand,13.37%
9/1/22,New Zealand,9.72%
10/1/22,New Zealand,6.97%
11/1/22,New Zealand,5.23%
12/1/22,New Zealand,3.41%
1/1/23,New Zealand,4.18%
2/1/23,New Zealand,2.80%
3/1/23,New Zealand,-1.79%
4/1/23,New Zealand,-3.88%
5/1/23,New Zealand,-4.55%
6/1/23,New Zealand,-5.01%
7/1/23,New Zealand,-5.12%
8/1/23,New Zealand,-6.94%
9/1/23,New Zealand,-6.43%
10/1/23,New Zealand,-3.11%
11/1/23,New Zealand,-1.44%
12/1/23,New Zealand,-0.03%
1/1/24,New Zealand,-0.88%
2/1/24,New Zealand,0.46%
3/1/24,New Zealand,2.07%
4/1/24,New Zealand,6.05%
5/1/24,New Zealand,5.27%
6/1/24,New Zealand,5.06%
7/1/24,New Zealand,6.75%
8/1/24,New Zealand,8.94%
9/1/24,New Zealand,14.14%
10/1/24,New Zealand,11.80%
11/1/24,New Zealand,12.15%
12/1/24,New Zealand,12.73%
1/1/18,Norway,56.35%
2/1/18,Norway,56.33%
3/1/18,Norway,58.84%
4/1/18,Norway,48.92%
5/1/18,Norway,42.49%
6/1/18,Norway,46.08%
7/1/18,Norway,42.95%
8/1/18,Norway,40.13%
9/1/18,Norway,41.95%
10/1/18,Norway,39.42%
11/1/18,Norway,39.36%
12/1/18,Norway,37.24%
1/1/19,Norway,33.88%
2/1/19,Norway,30.66%
3/1/19,Norway,25.39%
4/1/19,Norway,24.07%
5/1/19,Norway,26.72%
6/1/19,Norway,22.78%
7/1/19,Norway,22.66%
8/1/19,Norway,23.30%
9/1/19,Norway,18.63%
10/1/19,Norway,17.27%
11/1/19,Norway,13.48%
12/1/19,Norway,13.38%
1/1/20,Norway,14.13%
2/1/20,Norway,12.81%
3/1/20,Norway,15.75%
4/1/20,Norway,13.75%
5/1/20,Norway,11.45%
6/1/20,Norway,12.48%
7/1/20,Norway,10.45%
8/1/20,Norway,10.17%
9/1/20,Norway,9.83%
10/1/20,Norway,11.11%
11/1/20,Norway,13.88%
12/1/20,Norway,15.30%
1/1/21,Norway,13.78%
2/1/21,Norway,14.27%
3/1/21,Norway,10.58%
4/1/21,Norway,18.13%
5/1/21,Norway,14.02%
6/1/21,Norway,12.09%
7/1/21,Norway,15.65%
8/1/21,Norway,13.49%
9/1/21,Norway,16.10%
10/1/21,Norway,16.90%
11/1/21,Norway,17.22%
12/1/21,Norway,15.96%
1/1/22,Norway,16.01%
2/1/22,Norway,16.33%
3/1/22,Norway,18.51%
4/1/22,Norway,12.73%
5/1/22,Norway,18.21%
6/1/22,Norway,18.31%
7/1/22,Norway,13.91%
8/1/22,Norway,14.18%
9/1/22,Norway,11.75%
10/1/22,Norway,10.53%
11/1/22,Norway,7.38%
12/1/22,Norway,5.73%
1/1/23,Norway,6.03%
2/1/23,Norway,5.88%
3/1/23,Norway,5.33%
4/1/23,Norway,6.26%
5/1/23,Norway,3.57%
6/1/23,Norway,3.49%
7/1/23,Norway,3.70%
8/1/23,Norway,4.14%
9/1/23,Norway,4.74%
10/1/23,Norway,4.28%
11/1/23,Norway,7.95%
12/1/23,Norway,8.63%
1/1/24,Norway,7.71%
2/1/24,Norway,8.34%
3/1/24,Norway,7.87%
4/1/24,Norway,7.41%
5/1/24,Norway,9.08%
6/1/24,Norway,9.59%
7/1/24,Norway,12.72%
8/1/24,Norway,12.64%
9/1/24,Norway,14.85%
10/1/24,Norway,15.44%
11/1/24,Norway,12.91%
12/1/24,Norway,13.33%
1/1/18,Poland,17.46%
2/1/18,Poland,22.29%
3/1/18,Poland,17.17%
4/1/18,Poland,16.22%
5/1/18,Poland,14.60%
6/1/18,Poland,15.10%
7/1/18,Poland,14.97%
8/1/18,Poland,15.11%
9/1/18,Poland,17.77%
10/1/18,Poland,17.85%
11/1/18,Poland,17.47%
12/1/18,Poland,16.71%
1/1/19,Poland,15.20%
2/1/19,Poland,14.21%
3/1/19,Poland,16.86%
4/1/19,Poland,17.41%
5/1/19,Poland,17.36%
6/1/19,Poland,16.59%
7/1/19,Poland,17.43%
8/1/19,Poland,17.27%
9/1/19,Poland,14.43%
10/1/19,Poland,12.83%
11/1/19,Poland,13.52%
12/1/19,Poland,12.87%
1/1/20,Poland,14.49%
2/1/20,Poland,14.16%
3/1/20,Poland,11.65%
4/1/20,Poland,12.67%
5/1/20,Poland,13.84%
6/1/20,Poland,14.72%
7/1/20,Poland,13.42%
8/1/20,Poland,11.86%
9/1/20,Poland,10.82%
10/1/20,Poland,11.23%
11/1/20,Poland,10.21%
12/1/20,Poland,11.49%
1/1/21,Poland,12.06%
2/1/21,Poland,11.76%
3/1/21,Poland,11.67%
4/1/21,Poland,8.22%
5/1/21,Poland,8.18%
6/1/21,Poland,6.90%
7/1/21,Poland,7.36%
8/1/21,Poland,9.56%
9/1/21,Poland,12.85%
10/1/21,Poland,13.47%
11/1/21,Poland,12.35%
12/1/21,Poland,12.30%
1/1/22,Poland,10.70%
2/1/22,Poland,11.19%
3/1/22,Poland,10.86%
4/1/22,Poland,12.07%
5/1/22,Poland,10.16%
6/1/22,Poland,11.27%
7/1/22,Poland,10.16%
8/1/22,Poland,8.75%
9/1/22,Poland,5.81%
10/1/22,Poland,5.34%
11/1/22,Poland,5.88%
12/1/22,Poland,4.39%
1/1/23,Poland,3.49%
2/1/23,Poland,1.31%
3/1/23,Poland,0.47%
4/1/23,Poland,-0.36%
5/1/23,Poland,0.10%
6/1/23,Poland,-2.73%
7/1/23,Poland,-2.65%
8/1/23,Poland,-3.66%
9/1/23,Poland,-4.09%
10/1/23,Poland,-5.02%
11/1/23,Poland,-5.35%
12/1/23,Poland,-5.60%
1/1/24,Poland,-4.96%
2/1/24,Poland,-2.59%
3/1/24,Poland,-0.97%
4/1/24,Poland,-0.45%
5/1/24,Poland,-0.58%
6/1/24,Poland,2.02%
7/1/24,Poland,2.88%
8/1/24,Poland,4.90%
9/1/24,Poland,7.02%
10/1/24,Poland,8.64%
11/1/24,Poland,10.53%
12/1/24,Poland,13.05%
1/1/18,Portugal,-7.44%
2/1/18,Portugal,-3.74%
3/1/18,Portugal,-0.23%
4/1/18,Portugal,17.62%
5/1/18,Portugal,12.45%
6/1/18,Portugal,13.83%
7/1/18,Portugal,12.24%
8/1/18,Portugal,13.57%
9/1/18,Portugal,14.50%
10/1/18,Portugal,15.67%
11/1/18,Portugal,20.67%
12/1/18,Portugal,17.94%
1/1/19,Portugal,21.07%
2/1/19,Portugal,25.70%
3/1/19,Portugal,29.21%
4/1/19,Portugal,23.41%
5/1/19,Portugal,27.05%
6/1/19,Portugal,26.79%
7/1/19,Portugal,27.87%
8/1/19,Portugal,25.74%
9/1/19,Portugal,25.55%
10/1/19,Portugal,24.84%
11/1/19,Portugal,17.83%
12/1/19,Portugal,22.21%
1/1/20,Portugal,23.61%
2/1/20,Portugal,20.31%
3/1/20,Portugal,16.69%
4/1/20,Portugal,22.28%
5/1/20,Portugal,22.05%
6/1/20,Portugal,23.11%
7/1/20,Portugal,24.60%
8/1/20,Portugal,27.44%
9/1/20,Portugal,25.53%
10/1/20,Portugal,24.99%
11/1/20,Portugal,29.40%
12/1/20,Portugal,28.98%
1/1/21,Portugal,26.14%
2/1/21,Portugal,24.52%
3/1/21,Portugal,24.21%
4/1/21,Portugal,17.94%
5/1/21,Portugal,16.67%
6/1/21,Portugal,15.21%
7/1/21,Portugal,12.29%
8/1/21,Portugal,10.26%
9/1/21,Portugal,13.19%
10/1/21,Portugal,13.98%
11/1/21,Portugal,11.48%
12/1/21,Portugal,8.46%
1/1/22,Portugal,7.09%
2/1/22,Portugal,9.35%
3/1/22,Portugal,10.95%
4/1/22,Portugal,10.45%
5/1/22,Portugal,10.01%
6/1/22,Portugal,9.64%
7/1/22,Portugal,11.03%
8/1/22,Portugal,11.23%
9/1/22,Portugal,8.32%
10/1/22,Portugal,6.54%
11/1/22,Portugal,5.94%
12/1/22,Portugal,6.92%
1/1/23,Portugal,8.09%
2/1/23,Portugal,6.14%
3/1/23,Portugal,5.03%
4/1/23,Portugal,7.18%
5/1/23,Portugal,5.32%
6/1/23,Portugal,4.30%
7/1/23,Portugal,2.63%
8/1/23,Portugal,2.18%
9/1/23,Portugal,4.26%
10/1/23,Portugal,5.29%
11/1/23,Portugal,6.13%
12/1/23,Portugal,5.55%
1/1/24,Portugal,5.55%
2/1/24,Portugal,7.07%
3/1/24,Portugal,7.66%
4/1/24,Portugal,8.31%
5/1/24,Portugal,11.96%
6/1/24,Portugal,14.11%
7/1/24,Portugal,16.96%
8/1/24,Portugal,17.96%
9/1/24,Portugal,16.60%
10/1/24,Portugal,16.39%
11/1/24,Portugal,17.98%
12/1/24,Portugal,19.67%
1/1/18,Romania,-8.18%
2/1/18,Romania,-10.34%
3/1/18,Romania,6.24%
4/1/18,Romania,22.76%
5/1/18,Romania,25.14%
6/1/18,Romania,24.14%
7/1/18,Romania,23.07%
8/1/18,Romania,31.94%
9/1/18,Romania,28.89%
10/1/18,Romania,28.42%
11/1/18,Romania,32.11%
12/1/18,Romania,36.59%
1/1/19,Romania,37.33%
2/1/19,Romania,44.06%
3/1/19,Romania,41.97%
4/1/19,Romania,34.57%
5/1/19,Romania,35.27%
6/1/19,Romania,37.83%
7/1/19,Romania,39.88%
8/1/19,Romania,37.17%
9/1/19,Romania,42.18%
10/1/19,Romania,40.55%
11/1/19,Romania,36.23%
12/1/19,Romania,29.70%
1/1/20,Romania,31.95%
2/1/20,Romania,25.47%
3/1/20,Romania,24.94%
4/1/20,Romania,29.20%
5/1/20,Romania,25.46%
6/1/20,Romania,20.67%
7/1/20,Romania,18.61%
8/1/20,Romania,9.73%
9/1/20,Romania,3.87%
10/1/20,Romania,4.47%
11/1/20,Romania,5.38%
12/1/20,Romania,4.78%
1/1/21,Romania,5.37%
2/1/21,Romania,7.55%
3/1/21,Romania,8.90%
4/1/21,Romania,8.82%
5/1/21,Romania,11.26%
6/1/21,Romania,15.53%
7/1/21,Romania,14.41%
8/1/21,Romania,25.61%
9/1/21,Romania,28.50%
10/1/21,Romania,29.09%
11/1/21,Romania,24.56%
12/1/21,Romania,24.16%
1/1/22,Romania,21.49%
2/1/22,Romania,19.97%
3/1/22,Romania,16.72%
4/1/22,Romania,13.07%
5/1/22,Romania,10.97%
6/1/22,Romania,7.22%
7/1/22,Romania,7.83%
8/1/22,Romania,0.42%
9/1/22,Romania,-2.45%
10/1/22,Romania,-4.63%
11/1/22,Romania,-1.37%
12/1/22,Romania,-2.28%
1/1/23,Romania,-2.79%
2/1/23,Romania,-0.21%
3/1/23,Romania,1.08%
4/1/23,Romania,2.20%
5/1/23,Romania,0.03%
6/1/23,Romania,-0.92%
7/1/23,Romania,-2.07%
8/1/23,Romania,-3.12%
9/1/23,Romania,-3.66%
10/1/23,Romania,-1.97%
11/1/23,Romania,-3.29%
12/1/23,Romania,1.65%
1/1/24,Romania,2.13%
2/1/24,Romania,2.45%
3/1/24,Romania,3.83%
4/1/24,Romania,6.22%
5/1/24,Romania,12.03%
6/1/24,Romania,15.25%
7/1/24,Romania,18.12%
8/1/24,Romania,21.53%
9/1/24,Romania,24.70%
10/1/24,Romania,24.86%
11/1/24,Romania,28.45%
12/1/24,Romania,27.31%
1/1/18,Saudi Arabia,524.24%
2/1/18,Saudi Arabia,321.11%
3/1/18,Saudi Arabia,218.10%
4/1/18,Saudi Arabia,199.08%
5/1/18,Saudi Arabia,162.75%
6/1/18,Saudi Arabia,132.43%
7/1/18,Saudi Arabia,120.79%
8/1/18,Saudi Arabia,129.99%
9/1/18,Saudi Arabia,118.89%
10/1/18,Saudi Arabia,113.40%
11/1/18,Saudi Arabia,102.60%
12/1/18,Saudi Arabia,103.01%
1/1/19,Saudi Arabia,63.65%
2/1/19,Saudi Arabia,53.36%
3/1/19,Saudi Arabia,56.75%
4/1/19,Saudi Arabia,44.44%
5/1/19,Saudi Arabia,48.60%
6/1/19,Saudi Arabia,55.10%
7/1/19,Saudi Arabia,51.57%
8/1/19,Saudi Arabia,37.31%
9/1/19,Saudi Arabia,36.33%
10/1/19,Saudi Arabia,32.05%
11/1/19,Saudi Arabia,33.17%
12/1/19,Saudi Arabia,25.03%
1/1/20,Saudi Arabia,21.87%
2/1/20,Saudi Arabia,33.44%
3/1/20,Saudi Arabia,27.27%
4/1/20,Saudi Arabia,34.62%
5/1/20,Saudi Arabia,29.95%
6/1/20,Saudi Arabia,29.75%
7/1/20,Saudi Arabia,30.21%
8/1/20,Saudi Arabia,27.64%
9/1/20,Saudi Arabia,27.59%
10/1/20,Saudi Arabia,30.09%
11/1/20,Saudi Arabia,33.56%
12/1/20,Saudi Arabia,34.55%
1/1/21,Saudi Arabia,32.04%
2/1/21,Saudi Arabia,19.90%
3/1/21,Saudi Arabia,26.58%
4/1/21,Saudi Arabia,17.87%
5/1/21,Saudi Arabia,16.87%
6/1/21,Saudi Arabia,11.38%
7/1/21,Saudi Arabia,11.87%
8/1/21,Saudi Arabia,15.83%
9/1/21,Saudi Arabia,17.60%
10/1/21,Saudi Arabia,17.01%
11/1/21,Saudi Arabia,14.32%
12/1/21,Saudi Arabia,13.31%
1/1/22,Saudi Arabia,17.43%
2/1/22,Saudi Arabia,19.57%
3/1/22,Saudi Arabia,15.02%
4/1/22,Saudi Arabia,19.46%
5/1/22,Saudi Arabia,17.95%
6/1/22,Saudi Arabia,17.34%
7/1/22,Saudi Arabia,15.52%
8/1/22,Saudi Arabia,10.00%
9/1/22,Saudi Arabia,5.43%
10/1/22,Saudi Arabia,1.02%
11/1/22,Saudi Arabia,-1.14%
12/1/22,Saudi Arabia,0.46%
1/1/23,Saudi Arabia,-0.36%
2/1/23,Saudi Arabia,-1.47%
3/1/23,Saudi Arabia,-2.64%
4/1/23,Saudi Arabia,-6.77%
5/1/23,Saudi Arabia,-2.93%
6/1/23,Saudi Arabia,-1.75%
7/1/23,Saudi Arabia,3.98%
8/1/23,Saudi Arabia,8.42%
9/1/23,Saudi Arabia,12.23%
10/1/23,Saudi Arabia,15.38%
11/1/23,Saudi Arabia,19.41%
12/1/23,Saudi Arabia,18.14%
1/1/24,Saudi Arabia,17.54%
2/1/24,Saudi Arabia,20.25%
3/1/24,Saudi Arabia,26.32%
4/1/24,Saudi Arabia,32.54%
5/1/24,Saudi Arabia,30.46%
6/1/24,Saudi Arabia,38.17%
7/1/24,Saudi Arabia,31.85%
8/1/24,Saudi Arabia,30.97%
9/1/24,Saudi Arabia,29.46%
10/1/24,Saudi Arabia,29.21%
11/1/24,Saudi Arabia,26.92%
12/1/24,Saudi Arabia,28.71%
1/1/18,Singapore,21.81%
2/1/18,Singapore,22.16%
3/1/18,Singapore,14.44%
4/1/18,Singapore,14.68%
5/1/18,Singapore,19.48%
6/1/18,Singapore,17.60%
7/1/18,Singapore,14.63%
8/1/18,Singapore,14.64%
9/1/18,Singapore,15.94%
10/1/18,Singapore,18.40%
11/1/18,Singapore,17.96%
12/1/18,Singapore,18.60%
1/1/19,Singapore,17.91%
2/1/19,Singapore,17.73%
3/1/19,Singapore,20.99%
4/1/19,Singapore,21.91%
5/1/19,Singapore,20.09%
6/1/19,Singapore,21.38%
7/1/19,Singapore,24.26%
8/1/19,Singapore,23.71%
9/1/19,Singapore,23.22%
10/1/19,Singapore,20.99%
11/1/19,Singapore,20.29%
12/1/19,Singapore,18.92%
1/1/20,Singapore,19.60%
2/1/20,Singapore,20.32%
3/1/20,Singapore,17.26%
4/1/20,Singapore,17.80%
5/1/20,Singapore,21.34%
6/1/20,Singapore,21.88%
7/1/20,Singapore,20.64%
8/1/20,Singapore,22.73%
9/1/20,Singapore,22.29%
10/1/20,Singapore,21.16%
11/1/20,Singapore,23.22%
12/1/20,Singapore,24.38%
1/1/21,Singapore,24.03%
2/1/21,Singapore,21.31%
3/1/21,Singapore,21.73%
4/1/21,Singapore,18.09%
5/1/21,Singapore,11.69%
6/1/21,Singapore,8.59%
7/1/21,Singapore,7.08%
8/1/21,Singapore,3.82%
9/1/21,Singapore,2.32%
10/1/21,Singapore,2.86%
11/1/21,Singapore,0.55%
12/1/21,Singapore,-1.70%
1/1/22,Singapore,-2.81%
2/1/22,Singapore,-2.78%
3/1/22,Singapore,-2.87%
4/1/22,Singapore,-2.02%
5/1/22,Singapore,0.08%
6/1/22,Singapore,1.05%
7/1/22,Singapore,2.14%
8/1/22,Singapore,3.18%
9/1/22,Singapore,3.40%
10/1/22,Singapore,4.09%
11/1/22,Singapore,3.38%
12/1/22,Singapore,2.96%
1/1/23,Singapore,4.24%
2/1/23,Singapore,5.13%
3/1/23,Singapore,5.16%
4/1/23,Singapore,6.34%
5/1/23,Singapore,6.20%
6/1/23,Singapore,6.46%
7/1/23,Singapore,6.20%
8/1/23,Singapore,6.43%
9/1/23,Singapore,8.29%
10/1/23,Singapore,6.82%
11/1/23,Singapore,7.74%
12/1/23,Singapore,10.72%
1/1/24,Singapore,10.06%
2/1/24,Singapore,11.57%
3/1/24,Singapore,12.84%
4/1/24,Singapore,13.66%
5/1/24,Singapore,15.62%
6/1/24,Singapore,17.94%
7/1/24,Singapore,19.48%
8/1/24,Singapore,21.82%
9/1/24,Singapore,22.39%
10/1/24,Singapore,23.92%
11/1/24,Singapore,25.86%
12/1/24,Singapore,24.97%
1/1/18,Slovenia,-1.13%
2/1/18,Slovenia,4.25%
3/1/18,Slovenia,-0.95%
4/1/18,Slovenia,4.20%
5/1/18,Slovenia,14.99%
6/1/18,Slovenia,22.76%
7/1/18,Slovenia,19.32%
8/1/18,Slovenia,22.91%
9/1/18,Slovenia,16.77%
10/1/18,Slovenia,12.99%
11/1/18,Slovenia,17.73%
12/1/18,Slovenia,13.23%
1/1/19,Slovenia,16.87%
2/1/19,Slovenia,14.05%
3/1/19,Slovenia,16.59%
4/1/19,Slovenia,16.66%
5/1/19,Slovenia,13.04%
6/1/19,Slovenia,10.34%
7/1/19,Slovenia,11.88%
8/1/19,Slovenia,7.02%
9/1/19,Slovenia,14.38%
10/1/19,Slovenia,18.17%
11/1/19,Slovenia,14.00%
12/1/19,Slovenia,20.72%
1/1/20,Slovenia,18.92%
2/1/20,Slovenia,19.64%
3/1/20,Slovenia,15.75%
4/1/20,Slovenia,13.97%
5/1/20,Slovenia,11.20%
6/1/20,Slovenia,14.03%
7/1/20,Slovenia,13.04%
8/1/20,Slovenia,12.06%
9/1/20,Slovenia,11.46%
10/1/20,Slovenia,7.96%
11/1/20,Slovenia,11.72%
12/1/20,Slovenia,7.18%
1/1/21,Slovenia,6.22%
2/1/21,Slovenia,21.46%
3/1/21,Slovenia,32.63%
4/1/21,Slovenia,32.23%
5/1/21,Slovenia,35.30%
6/1/21,Slovenia,26.76%
7/1/21,Slovenia,27.44%
8/1/21,Slovenia,35.36%
9/1/21,Slovenia,31.55%
10/1/21,Slovenia,36.95%
11/1/21,Slovenia,30.59%
12/1/21,Slovenia,33.13%
1/1/22,Slovenia,31.98%
2/1/22,Slovenia,16.09%
3/1/22,Slovenia,6.42%
4/1/22,Slovenia,7.02%
5/1/22,Slovenia,12.75%
6/1/22,Slovenia,13.30%
7/1/22,Slovenia,12.64%
8/1/22,Slovenia,5.91%
9/1/22,Slovenia,4.16%
10/1/22,Slovenia,0.32%
11/1/22,Slovenia,4.03%
12/1/22,Slovenia,3.34%
1/1/23,Slovenia,3.98%
2/1/23,Slovenia,6.24%
3/1/23,Slovenia,8.58%
4/1/23,Slovenia,8.46%
5/1/23,Slovenia,-1.44%
6/1/23,Slovenia,7.77%
7/1/23,Slovenia,8.99%
8/1/23,Slovenia,9.85%
9/1/23,Slovenia,11.49%
10/1/23,Slovenia,10.72%
11/1/23,Slovenia,5.64%
12/1/23,Slovenia,6.99%
1/1/24,Slovenia,10.83%
2/1/24,Slovenia,10.09%
3/1/24,Slovenia,10.30%
4/1/24,Slovenia,10.43%
5/1/24,Slovenia,14.97%
6/1/24,Slovenia,7.73%
7/1/24,Slovenia,9.00%
8/1/24,Slovenia,13.38%
9/1/24,Slovenia,17.60%
10/1/24,Slovenia,23.56%
11/1/24,Slovenia,34.06%
12/1/24,Slovenia,28.21%
1/1/18,South Africa,34.18%
2/1/18,South Africa,30.17%
3/1/18,South Africa,25.34%
4/1/18,South Africa,34.80%
5/1/18,South Africa,34.64%
6/1/18,South Africa,29.90%
7/1/18,South Africa,25.27%
8/1/18,South Africa,26.48%
9/1/18,South Africa,24.40%
10/1/18,South Africa,23.55%
11/1/18,South Africa,24.68%
12/1/18,South Africa,23.38%
1/1/19,South Africa,22.58%
2/1/19,South Africa,22.99%
3/1/19,South Africa,23.61%
4/1/19,South Africa,19.28%
5/1/19,South Africa,16.58%
6/1/19,South Africa,19.68%
7/1/19,South Africa,22.87%
8/1/19,South Africa,20.02%
9/1/19,South Africa,21.46%
10/1/19,South Africa,21.40%
11/1/19,South Africa,19.26%
12/1/19,South Africa,18.14%
1/1/20,South Africa,16.97%
2/1/20,South Africa,14.14%
3/1/20,South Africa,15.95%
4/1/20,South Africa,17.70%
5/1/20,South Africa,20.62%
6/1/20,South Africa,17.98%
7/1/20,South Africa,13.78%
8/1/20,South Africa,14.76%
9/1/20,South Africa,12.96%
10/1/20,South Africa,11.27%
11/1/20,South Africa,11.89%
12/1/20,South Africa,12.25%
1/1/21,South Africa,11.51%
2/1/21,South Africa,13.24%
3/1/21,South Africa,7.76%
4/1/21,South Africa,3.86%
5/1/21,South Africa,-0.18%
6/1/21,South Africa,-0.06%
7/1/21,South Africa,4.77%
8/1/21,South Africa,4.67%
9/1/21,South Africa,4.79%
10/1/21,South Africa,7.84%
11/1/21,South Africa,6.16%
12/1/21,South Africa,7.23%
1/1/22,South Africa,7.45%
2/1/22,South Africa,4.53%
3/1/22,South Africa,7.55%
4/1/22,South Africa,9.69%
5/1/22,South Africa,11.63%
6/1/22,South Africa,9.38%
7/1/22,South Africa,5.08%
8/1/22,South Africa,4.73%
9/1/22,South Africa,5.30%
10/1/22,South Africa,1.82%
11/1/22,South Africa,3.06%
12/1/22,South Africa,2.34%
1/1/23,South Africa,2.31%
2/1/23,South Africa,4.89%
3/1/23,South Africa,2.05%
4/1/23,South Africa,0.74%
5/1/23,South Africa,0.15%
6/1/23,South Africa,0.69%
7/1/23,South Africa,2.13%
8/1/23,South Africa,0.45%
9/1/23,South Africa,-1.59%
10/1/23,South Africa,-0.06%
11/1/23,South Africa,-1.70%
12/1/23,South Africa,-2.31%
1/1/24,South Africa,-2.16%
2/1/24,South Africa,-0.45%
3/1/24,South Africa,3.62%
4/1/24,South Africa,5.34%
5/1/24,South Africa,5.11%
6/1/24,South Africa,9.78%
7/1/24,South Africa,10.79%
8/1/24,South Africa,14.17%
9/1/24,South Africa,17.52%
10/1/24,South Africa,18.84%
11/1/24,South Africa,21.27%
12/1/24,South Africa,24.24%
1/1/18,South Korea,6.92%
2/1/18,South Korea,-4.72%
3/1/18,South Korea,14.22%
4/1/18,South Korea,9.30%
5/1/18,South Korea,18.16%
6/1/18,South Korea,17.02%
7/1/18,South Korea,22.10%
8/1/18,South Korea,20.48%
9/1/18,South Korea,19.29%
10/1/18,South Korea,20.39%
11/1/18,South Korea,20.07%
12/1/18,South Korea,21.01%
1/1/19,South Korea,25.19%
2/1/19,South Korea,29.32%
3/1/19,South Korea,24.53%
4/1/19,South Korea,29.28%
5/1/19,South Korea,24.38%
6/1/19,South Korea,25.87%
7/1/19,South Korea,20.96%
8/1/19,South Korea,20.92%
9/1/19,South Korea,22.13%
10/1/19,South Korea,22.84%
11/1/19,South Korea,20.11%
12/1/19,South Korea,19.01%
1/1/20,South Korea,14.69%
2/1/20,South Korea,13.54%
3/1/20,South Korea,15.08%
4/1/20,South Korea,12.55%
5/1/20,South Korea,12.68%
6/1/20,South Korea,11.59%
7/1/20,South Korea,16.75%
8/1/20,South Korea,18.95%
9/1/20,South Korea,16.33%
10/1/20,South Korea,15.35%
11/1/20,South Korea,23.15%
12/1/20,South Korea,24.56%
1/1/21,South Korea,23.75%
2/1/21,South Korea,22.68%
3/1/21,South Korea,24.07%
4/1/21,South Korea,21.82%
5/1/21,South Korea,24.55%
6/1/21,South Korea,23.72%
7/1/21,South Korea,18.30%
8/1/21,South Korea,15.59%
9/1/21,South Korea,18.99%
10/1/21,South Korea,16.89%
11/1/21,South Korea,8.74%
12/1/21,South Korea,4.51%
1/1/22,South Korea,7.35%
2/1/22,South Korea,7.92%
3/1/22,South Korea,5.62%
4/1/22,South Korea,6.98%
5/1/22,South Korea,6.15%
6/1/22,South Korea,6.82%
7/1/22,South Korea,8.61%
8/1/22,South Korea,8.38%
9/1/22,South Korea,5.85%
10/1/22,South Korea,5.65%
11/1/22,South Korea,8.46%
12/1/22,South Korea,10.23%
1/1/23,South Korea,8.56%
2/1/23,South Korea,8.47%
3/1/23,South Korea,7.53%
4/1/23,South Korea,6.16%
5/1/23,South Korea,3.82%
6/1/23,South Korea,2.45%
7/1/23,South Korea,1.47%
8/1/23,South Korea,2.65%
9/1/23,South Korea,3.01%
10/1/23,South Korea,3.92%
11/1/23,South Korea,2.95%
12/1/23,South Korea,3.41%
1/1/24,South Korea,2.14%
2/1/24,South Korea,1.25%
3/1/24,South Korea,4.35%
4/1/24,South Korea,6.84%
5/1/24,South Korea,9.50%
6/1/24,South Korea,12.07%
7/1/24,South Korea,13.60%
8/1/24,South Korea,13.43%
9/1/24,South Korea,13.65%
10/1/24,South Korea,12.51%
11/1/24,South Korea,13.44%
12/1/24,South Korea,13.21%
1/1/18,Spain,32.17%
2/1/18,Spain,30.45%
3/1/18,Spain,28.68%
4/1/18,Spain,25.59%
5/1/18,Spain,24.11%
6/1/18,Spain,25.05%
7/1/18,Spain,27.28%
8/1/18,Spain,27.01%
9/1/18,Spain,26.99%
10/1/18,Spain,26.77%
11/1/18,Spain,25.95%
12/1/18,Spain,27.82%
1/1/19,Spain,26.18%
2/1/19,Spain,26.17%
3/1/19,Spain,25.89%
4/1/19,Spain,26.13%
5/1/19,Spain,26.13%
6/1/19,Spain,24.86%
7/1/19,Spain,22.31%
8/1/19,Spain,21.16%
9/1/19,Spain,20.07%
10/1/19,Spain,19.21%
11/1/19,Spain,19.20%
12/1/19,Spain,16.35%
1/1/20,Spain,16.45%
2/1/20,Spain,13.88%
3/1/20,Spain,15.44%
4/1/20,Spain,18.54%
5/1/20,Spain,21.81%
6/1/20,Spain,21.38%
7/1/20,Spain,21.08%
8/1/20,Spain,20.74%
9/1/20,Spain,20.03%
10/1/20,Spain,20.05%
11/1/20,Spain,20.18%
12/1/20,Spain,20.05%
1/1/21,Spain,20.77%
2/1/21,Spain,23.83%
3/1/21,Spain,20.21%
4/1/21,Spain,15.01%
5/1/21,Spain,9.28%
6/1/21,Spain,11.14%
7/1/21,Spain,11.75%
8/1/21,Spain,14.06%
9/1/21,Spain,15.11%
10/1/21,Spain,14.36%
11/1/21,Spain,12.34%
12/1/21,Spain,12.15%
1/1/22,Spain,10.59%
2/1/22,Spain,8.16%
3/1/22,Spain,9.04%
4/1/22,Spain,9.75%
5/1/22,Spain,10.31%
6/1/22,Spain,7.57%
7/1/22,Spain,8.16%
8/1/22,Spain,4.56%
9/1/22,Spain,3.70%
10/1/22,Spain,3.75%
11/1/22,Spain,4.79%
12/1/22,Spain,4.45%
1/1/23,Spain,3.99%
2/1/23,Spain,3.87%
3/1/23,Spain,3.19%
4/1/23,Spain,3.90%
5/1/23,Spain,5.15%
6/1/23,Spain,5.19%
7/1/23,Spain,3.26%
8/1/23,Spain,4.39%
9/1/23,Spain,4.87%
10/1/23,Spain,4.51%
11/1/23,Spain,5.36%
12/1/23,Spain,5.62%
1/1/24,Spain,7.22%
2/1/24,Spain,7.72%
3/1/24,Spain,10.24%
4/1/24,Spain,9.75%
5/1/24,Spain,10.17%
6/1/24,Spain,11.77%
7/1/24,Spain,12.93%
8/1/24,Spain,14.21%
9/1/24,Spain,14.22%
10/1/24,Spain,16.39%
11/1/24,Spain,16.80%
12/1/24,Spain,18.22%
1/1/18,Sweden,4.90%
2/1/18,Sweden,7.62%
3/1/18,Sweden,-0.52%
4/1/18,Sweden,2.44%
5/1/18,Sweden,8.40%
6/1/18,Sweden,11.75%
7/1/18,Sweden,8.32%
8/1/18,Sweden,9.05%
9/1/18,Sweden,10.49%
10/1/18,Sweden,12.23%
11/1/18,Sweden,12.90%
12/1/18,Sweden,10.91%
1/1/19,Sweden,11.61%
2/1/19,Sweden,12.93%
3/1/19,Sweden,18.71%
4/1/19,Sweden,17.94%
5/1/19,Sweden,14.36%
6/1/19,Sweden,13.71%
7/1/19,Sweden,16.51%
8/1/19,Sweden,16.84%
9/1/19,Sweden,16.57%
10/1/19,Sweden,13.95%
11/1/19,Sweden,13.30%
12/1/19,Sweden,14.12%
1/1/20,Sweden,15.60%
2/1/20,Sweden,12.72%
3/1/20,Sweden,7.85%
4/1/20,Sweden,10.25%
5/1/20,Sweden,13.24%
6/1/20,Sweden,12.32%
7/1/20,Sweden,10.69%
8/1/20,Sweden,10.11%
9/1/20,Sweden,8.34%
10/1/20,Sweden,10.95%
11/1/20,Sweden,10.61%
12/1/20,Sweden,12.51%
1/1/21,Sweden,10.48%
2/1/21,Sweden,12.65%
3/1/21,Sweden,14.48%
4/1/21,Sweden,12.42%
5/1/21,Sweden,11.76%
6/1/21,Sweden,11.86%
7/1/21,Sweden,14.82%
8/1/21,Sweden,15.12%
9/1/21,Sweden,16.88%
10/1/21,Sweden,14.51%
11/1/21,Sweden,14.64%
12/1/21,Sweden,13.02%
1/1/22,Sweden,12.24%
2/1/22,Sweden,10.95%
3/1/22,Sweden,10.47%
4/1/22,Sweden,9.62%
5/1/22,Sweden,7.72%
6/1/22,Sweden,6.40%
7/1/22,Sweden,2.43%
8/1/22,Sweden,1.16%
9/1/22,Sweden,0.71%
10/1/22,Sweden,1.60%
11/1/22,Sweden,1.24%
12/1/22,Sweden,0.61%
1/1/23,Sweden,1.19%
2/1/23,Sweden,2.16%
3/1/23,Sweden,1.73%
4/1/23,Sweden,2.25%
5/1/23,Sweden,3.01%
6/1/23,Sweden,3.86%
7/1/23,Sweden,5.14%
8/1/23,Sweden,5.24%
9/1/23,Sweden,4.63%
10/1/23,Sweden,4.50%
11/1/23,Sweden,4.76%
12/1/23,Sweden,6.60%
1/1/24,Sweden,7.60%
2/1/24,Sweden,7.21%
3/1/24,Sweden,8.44%
4/1/24,Sweden,9.57%
5/1/24,Sweden,11.59%
6/1/24,Sweden,13.41%
7/1/24,Sweden,14.39%
8/1/24,Sweden,15.43%
9/1/24,Sweden,15.88%
10/1/24,Sweden,16.07%
11/1/24,Sweden,18.15%
12/1/24,Sweden,19.12%
1/1/18,Switzerland,6.06%
2/1/18,Switzerland,25.36%
3/1/18,Switzerland,21.74%
4/1/18,Switzerland,17.69%
5/1/18,Switzerland,11.20%
6/1/18,Switzerland,12.48%
7/1/18,Switzerland,14.51%
8/1/18,Switzerland,16.23%
9/1/18,Switzerland,19.86%
10/1/18,Switzerland,21.20%
11/1/18,Switzerland,19.32%
12/1/18,Switzerland,20.87%
1/1/19,Switzerland,21.05%
2/1/19,Switzerland,19.59%
3/1/19,Switzerland,20.42%
4/1/19,Switzerland,22.24%
5/1/19,Switzerland,25.82%
6/1/19,Switzerland,24.78%
7/1/19,Switzerland,24.15%
8/1/19,Switzerland,22.27%
9/1/19,Switzerland,17.44%
10/1/19,Switzerland,15.60%
11/1/19,Switzerland,14.59%
12/1/19,Switzerland,12.49%
1/1/20,Switzerland,13.01%
2/1/20,Switzerland,11.34%
3/1/20,Switzerland,9.33%
4/1/20,Switzerland,6.88%
5/1/20,Switzerland,5.67%
6/1/20,Switzerland,6.11%
7/1/20,Switzerland,5.01%
8/1/20,Switzerland,5.70%
9/1/20,Switzerland,7.27%
10/1/20,Switzerland,8.15%
11/1/20,Switzerland,10.35%
12/1/20,Switzerland,9.40%
1/1/21,Switzerland,8.82%
2/1/21,Switzerland,8.41%
3/1/21,Switzerland,9.62%
4/1/21,Switzerland,11.67%
5/1/21,Switzerland,11.03%
6/1/21,Switzerland,10.32%
7/1/21,Switzerland,10.57%
8/1/21,Switzerland,10.12%
9/1/21,Switzerland,9.97%
10/1/21,Switzerland,7.52%
11/1/21,Switzerland,6.50%
12/1/21,Switzerland,6.40%
1/1/22,Switzerland,5.64%
2/1/22,Switzerland,5.51%
3/1/22,Switzerland,4.75%
4/1/22,Switzerland,2.64%
5/1/22,Switzerland,1.94%
6/1/22,Switzerland,1.51%
7/1/22,Switzerland,1.35%
8/1/22,Switzerland,0.88%
9/1/22,Switzerland,0.37%
10/1/22,Switzerland,1.28%
11/1/22,Switzerland,1.23%
12/1/22,Switzerland,0.70%
1/1/23,Switzerland,0.96%
2/1/23,Switzerland,0.90%
3/1/23,Switzerland,-0.28%
4/1/23,Switzerland,-0.40%
5/1/23,Switzerland,-0.80%
6/1/23,Switzerland,0.13%
7/1/23,Switzerland,-1.27%
8/1/23,Switzerland,-2.24%
9/1/23,Switzerland,-2.93%
10/1/23,Switzerland,-3.75%
11/1/23,Switzerland,-3.76%
12/1/23,Switzerland,-2.71%
1/1/24,Switzerland,-2.46%
2/1/24,Switzerland,-3.03%
3/1/24,Switzerland,-0.49%
4/1/24,Switzerland,1.29%
5/1/24,Switzerland,3.21%
6/1/24,Switzerland,3.43%
7/1/24,Switzerland,6.80%
8/1/24,Switzerland,8.84%
9/1/24,Switzerland,10.88%
10/1/24,Switzerland,13.62%
11/1/24,Switzerland,15.10%
12/1/24,Switzerland,18.43%
1/1/18,Turkey,37.82%
2/1/18,Turkey,42.89%
3/1/18,Turkey,63.53%
4/1/18,Turkey,44.23%
5/1/18,Turkey,53.48%
6/1/18,Turkey,51.99%
7/1/18,Turkey,55.76%
8/1/18,Turkey,52.64%
9/1/18,Turkey,51.30%
10/1/18,Turkey,52.74%
11/1/18,Turkey,48.97%
12/1/18,Turkey,47.65%
1/1/19,Turkey,45.68%
2/1/19,Turkey,46.39%
3/1/19,Turkey,38.49%
4/1/19,Turkey,43.79%
5/1/19,Turkey,37.14%
6/1/19,Turkey,38.31%
7/1/19,Turkey,34.01%
8/1/19,Turkey,34.08%
9/1/19,Turkey,32.91%
10/1/19,Turkey,30.15%
11/1/19,Turkey,31.76%
12/1/19,Turkey,31.48%
1/1/20,Turkey,32.64%
2/1/20,Turkey,29.17%
3/1/20,Turkey,31.86%
4/1/20,Turkey,33.30%
5/1/20,Turkey,38.99%
6/1/20,Turkey,34.40%
7/1/20,Turkey,35.72%
8/1/20,Turkey,35.25%
9/1/20,Turkey,35.69%
10/1/20,Turkey,34.45%
11/1/20,Turkey,33.59%
12/1/20,Turkey,34.20%
1/1/21,Turkey,34.93%
2/1/21,Turkey,36.26%
3/1/21,Turkey,34.34%
4/1/21,Turkey,28.08%
5/1/21,Turkey,23.01%
6/1/21,Turkey,24.99%
7/1/21,Turkey,21.58%
8/1/21,Turkey,20.55%
9/1/21,Turkey,18.44%
10/1/21,Turkey,18.29%
11/1/21,Turkey,17.79%
12/1/21,Turkey,15.04%
1/1/22,Turkey,12.54%
2/1/22,Turkey,9.87%
3/1/22,Turkey,8.55%
4/1/22,Turkey,10.48%
5/1/22,Turkey,7.51%
6/1/22,Turkey,4.79%
7/1/22,Turkey,5.26%
8/1/22,Turkey,2.87%
9/1/22,Turkey,1.30%
10/1/22,Turkey,-0.59%
11/1/22,Turkey,-1.13%
12/1/22,Turkey,-3.06%
1/1/23,Turkey,-4.13%
2/1/23,Turkey,-3.79%
3/1/23,Turkey,-4.98%
4/1/23,Turkey,-7.87%
5/1/23,Turkey,-8.01%
6/1/23,Turkey,-7.55%
7/1/23,Turkey,-7.61%
8/1/23,Turkey,-4.36%
9/1/23,Turkey,-2.23%
10/1/23,Turkey,-1.17%
11/1/23,Turkey,-2.34%
12/1/23,Turkey,0.65%
1/1/24,Turkey,1.97%
2/1/24,Turkey,2.85%
3/1/24,Turkey,6.46%
4/1/24,Turkey,9.40%
5/1/24,Turkey,12.79%
6/1/24,Turkey,14.42%
7/1/24,Turkey,15.61%
8/1/24,Turkey,14.74%
9/1/24,Turkey,15.11%
10/1/24,Turkey,16.30%
11/1/24,Turkey,19.51%
12/1/24,Turkey,20.36%
1/1/18,United Arab Emirates,36.54%
2/1/18,United Arab Emirates,35.89%
3/1/18,United Arab Emirates,43.19%
4/1/18,United Arab Emirates,47.91%
5/1/18,United Arab Emirates,55.81%
6/1/18,United Arab Emirates,51.19%
7/1/18,United Arab Emirates,43.73%
8/1/18,United Arab Emirates,42.74%
9/1/18,United Arab Emirates,42.22%
10/1/18,United Arab Emirates,39.38%
11/1/18,United Arab Emirates,35.60%
12/1/18,United Arab Emirates,34.48%
1/1/19,United Arab Emirates,32.14%
2/1/19,United Arab Emirates,32.30%
3/1/19,United Arab Emirates,27.10%
4/1/19,United Arab Emirates,23.99%
5/1/19,United Arab Emirates,15.87%
6/1/19,United Arab Emirates,16.27%
7/1/19,United Arab Emirates,21.04%
8/1/19,United Arab Emirates,16.49%
9/1/19,United Arab Emirates,13.76%
10/1/19,United Arab Emirates,16.84%
11/1/19,United Arab Emirates,23.00%
12/1/19,United Arab Emirates,20.89%
1/1/20,United Arab Emirates,20.25%
2/1/20,United Arab Emirates,15.66%
3/1/20,United Arab Emirates,20.18%
4/1/20,United Arab Emirates,21.19%
5/1/20,United Arab Emirates,26.55%
6/1/20,United Arab Emirates,24.43%
7/1/20,United Arab Emirates,19.50%
8/1/20,United Arab Emirates,23.36%
9/1/20,United Arab Emirates,24.65%
10/1/20,United Arab Emirates,22.00%
11/1/20,United Arab Emirates,17.30%
12/1/20,United Arab Emirates,19.65%
1/1/21,United Arab Emirates,22.74%
2/1/21,United Arab Emirates,27.21%
3/1/21,United Arab Emirates,23.13%
4/1/21,United Arab Emirates,19.34%
5/1/21,United Arab Emirates,15.02%
6/1/21,United Arab Emirates,14.24%
7/1/21,United Arab Emirates,15.36%
8/1/21,United Arab Emirates,14.11%
9/1/21,United Arab Emirates,11.57%
10/1/21,United Arab Emirates,9.27%
11/1/21,United Arab Emirates,7.07%
12/1/21,United Arab Emirates,4.01%
1/1/22,United Arab Emirates,0.12%
2/1/22,United Arab Emirates,-2.27%
3/1/22,United Arab Emirates,-0.37%
4/1/22,United Arab Emirates,0.27%
5/1/22,United Arab Emirates,-0.83%
6/1/22,United Arab Emirates,-0.40%
7/1/22,United Arab Emirates,-0.52%
8/1/22,United Arab Emirates,-2.39%
9/1/22,United Arab Emirates,-0.20%
10/1/22,United Arab Emirates,0.64%
11/1/22,United Arab Emirates,3.47%
12/1/22,United Arab Emirates,6.21%
1/1/23,United Arab Emirates,7.14%
2/1/23,United Arab Emirates,6.14%
3/1/23,United Arab Emirates,3.85%
4/1/23,United Arab Emirates,4.60%
5/1/23,United Arab Emirates,7.59%
6/1/23,United Arab Emirates,7.33%
7/1/23,United Arab Emirates,8.20%
8/1/23,United Arab Emirates,10.21%
9/1/23,United Arab Emirates,9.49%
10/1/23,United Arab Emirates,10.49%
11/1/23,United Arab Emirates,8.50%
12/1/23,United Arab Emirates,7.78%
1/1/24,United Arab Emirates,9.30%
2/1/24,United Arab Emirates,12.61%
3/1/24,United Arab Emirates,13.52%
4/1/24,United Arab Emirates,15.69%
5/1/24,United Arab Emirates,13.86%
6/1/24,United Arab Emirates,16.77%
7/1/24,United Arab Emirates,17.13%
8/1/24,United Arab Emirates,18.25%
9/1/24,United Arab Emirates,20.93%
10/1/24,United Arab Emirates,22.30%
11/1/24,United Arab Emirates,24.40%
12/1/24,United Arab Emirates,24.88%
1/1/18,United Kingdom,14.06%
2/1/18,United Kingdom,12.22%
3/1/18,United Kingdom,13.94%
4/1/18,United Kingdom,14.68%
5/1/18,United Kingdom,13.55%
6/1/18,United Kingdom,12.02%
7/1/18,United Kingdom,12.80%
8/1/18,United Kingdom,12.43%
9/1/18,United Kingdom,12.28%
10/1/18,United Kingdom,13.02%
11/1/18,United Kingdom,12.68%
12/1/18,United Kingdom,12.27%
1/1/19,United Kingdom,11.97%
2/1/19,United Kingdom,12.63%
3/1/19,United Kingdom,11.93%
4/1/19,United Kingdom,10.79%
5/1/19,United Kingdom,11.62%
6/1/19,United Kingdom,13.84%
7/1/19,United Kingdom,13.62%
8/1/19,United Kingdom,13.60%
9/1/19,United Kingdom,13.65%
10/1/19,United Kingdom,12.61%
11/1/19,United Kingdom,12.32%
12/1/19,United Kingdom,13.11%
1/1/20,United Kingdom,13.26%
2/1/20,United Kingdom,12.48%
3/1/20,United Kingdom,13.06%
4/1/20,United Kingdom,15.66%
5/1/20,United Kingdom,16.23%
6/1/20,United Kingdom,14.81%
7/1/20,United Kingdom,13.50%
8/1/20,United Kingdom,12.97%
9/1/20,United Kingdom,12.35%
10/1/20,United Kingdom,11.77%
11/1/20,United Kingdom,12.25%
12/1/20,United Kingdom,10.54%
1/1/21,United Kingdom,10.56%
2/1/21,United Kingdom,11.29%
3/1/21,United Kingdom,10.40%
4/1/21,United Kingdom,7.11%
5/1/21,United Kingdom,4.21%
6/1/21,United Kingdom,3.03%
7/1/21,United Kingdom,4.62%
8/1/21,United Kingdom,6.29%
9/1/21,United Kingdom,7.34%
10/1/21,United Kingdom,8.67%
11/1/21,United Kingdom,8.94%
12/1/21,United Kingdom,10.98%
1/1/22,United Kingdom,10.88%
2/1/22,United Kingdom,10.00%
3/1/22,United Kingdom,10.40%
4/1/22,United Kingdom,11.08%
5/1/22,United Kingdom,12.62%
6/1/22,United Kingdom,13.52%
7/1/22,United Kingdom,12.74%
8/1/22,United Kingdom,11.48%
9/1/22,United Kingdom,10.81%
10/1/22,United Kingdom,10.29%
11/1/22,United Kingdom,9.72%
12/1/22,United Kingdom,8.32%
1/1/23,United Kingdom,7.32%
2/1/23,United Kingdom,7.17%
3/1/23,United Kingdom,6.83%
4/1/23,United Kingdom,6.59%
5/1/23,United Kingdom,5.97%
6/1/23,United Kingdom,5.17%
7/1/23,United Kingdom,4.32%
8/1/23,United Kingdom,3.48%
9/1/23,United Kingdom,2.97%
10/1/23,United Kingdom,2.14%
11/1/23,United Kingdom,1.50%
12/1/23,United Kingdom,1.53%
1/1/24,United Kingdom,2.46%
2/1/24,United Kingdom,2.34%
3/1/24,United Kingdom,2.61%
4/1/24,United Kingdom,4.24%
5/1/24,United Kingdom,5.40%
6/1/24,United Kingdom,6.50%
7/1/24,United Kingdom,7.93%
8/1/24,United Kingdom,9.28%
9/1/24,United Kingdom,9.86%
10/1/24,United Kingdom,11.12%
11/1/24,United Kingdom,12.51%
12/1/24,United Kingdom,13.78%
1/1/18,United States,16.99%
2/1/18,United States,16.54%
3/1/18,United States,18.38%
4/1/18,United States,16.09%
5/1/18,United States,17.51%
6/1/18,United States,18.32%
7/1/18,United States,18.31%
8/1/18,United States,18.36%
9/1/18,United States,18.20%
10/1/18,United States,18.33%
11/1/18,United States,18.61%
12/1/18,United States,18.62%
1/1/19,United States,18.71%
2/1/19,United States,19.20%
3/1/19,United States,18.92%
4/1/19,United States,20.02%
5/1/19,United States,19.80%
6/1/19,United States,19.39%
7/1/19,United States,19.37%
8/1/19,United States,19.83%
9/1/19,United States,20.09%
10/1/19,United States,19.41%
11/1/19,United States,18.84%
12/1/19,United States,18.32%
1/1/20,United States,17.52%
2/1/20,United States,16.55%
3/1/20,United States,16.67%
4/1/20,United States,17.58%
5/1/20,United States,19.24%
6/1/20,United States,19.72%
7/1/20,United States,19.09%
8/1/20,United States,17.79%
9/1/20,United States,16.56%
10/1/20,United States,16.05%
11/1/20,United States,15.86%
12/1/20,United States,15.58%
1/1/21,United States,16.25%
2/1/21,United States,16.16%
3/1/21,United States,15.03%
4/1/21,United States,11.64%
5/1/21,United States,6.80%
6/1/21,United States,4.29%
7/1/21,United States,3.96%
8/1/21,United States,4.05%
9/1/21,United States,4.44%
10/1/21,United States,5.20%
11/1/21,United States,5.22%
12/1/21,United States,5.50%
1/1/22,United States,4.90%
2/1/22,United States,4.58%
3/1/22,United States,4.23%
4/1/22,United States,5.12%
5/1/22,United States,8.28%
6/1/22,United States,9.67%
7/1/22,United States,9.53%
8/1/22,United States,9.26%
9/1/22,United States,8.70%
10/1/22,United States,7.75%
11/1/22,United States,6.05%
12/1/22,United States,4.33%
1/1/23,United States,3.34%
2/1/23,United States,2.92%
3/1/23,United States,1.84%
4/1/23,United States,1.06%
5/1/23,United States,-1.28%
6/1/23,United States,-2.19%
7/1/23,United States,-2.99%
8/1/23,United States,-3.66%
9/1/23,United States,-3.78%
10/1/23,United States,-3.94%
11/1/23,United States,-2.53%
12/1/23,United States,-0.73%
1/1/24,United States,0.59%
2/1/24,United States,1.59%
3/1/24,United States,4.36%
4/1/24,United States,6.72%
5/1/24,United States,9.28%
6/1/24,United States,11.22%
7/1/24,United States,13.92%
8/1/24,United States,16.47%
9/1/24,United States,18.68%
10/1/24,United States,21.06%
11/1/24,United States,22.96%
12/1/24,United States,24.73%
1/1/18,Uruguay,-83.05%
2/1/18,Uruguay,-10.68%
3/1/18,Uruguay,17.95%
4/1/18,Uruguay,82.70%
5/1/18,Uruguay,79.49%
6/1/18,Uruguay,89.58%
7/1/18,Uruguay,90.13%
8/1/18,Uruguay,81.09%
9/1/18,Uruguay,89.45%
10/1/18,Uruguay,91.54%
11/1/18,Uruguay,81.59%
12/1/18,Uruguay,74.84%
1/1/19,Uruguay,123.50%
2/1/19,Uruguay,120.19%
3/1/19,Uruguay,120.46%
4/1/19,Uruguay,102.55%
5/1/19,Uruguay,98.54%
6/1/19,Uruguay,92.11%
7/1/19,Uruguay,85.12%
8/1/19,Uruguay,88.62%
9/1/19,Uruguay,82.87%
10/1/19,Uruguay,68.04%
11/1/19,Uruguay,66.81%
12/1/19,Uruguay,66.69%
1/1/20,Uruguay,21.24%
2/1/20,Uruguay,21.98%
3/1/20,Uruguay,15.14%
4/1/20,Uruguay,8.07%
5/1/20,Uruguay,10.79%
6/1/20,Uruguay,10.46%
7/1/20,Uruguay,9.88%
8/1/20,Uruguay,11.52%
9/1/20,Uruguay,2.22%
10/1/20,Uruguay,21.28%
11/1/20,Uruguay,35.67%
12/1/20,Uruguay,33.40%
1/1/21,Uruguay,54.17%
2/1/21,Uruguay,50.85%
3/1/21,Uruguay,55.96%
4/1/21,Uruguay,64.41%
5/1/21,Uruguay,59.22%
6/1/21,Uruguay,55.30%
7/1/21,Uruguay,57.19%
8/1/21,Uruguay,48.81%
9/1/21,Uruguay,53.92%
10/1/21,Uruguay,40.54%
11/1/21,Uruguay,25.60%
12/1/21,Uruguay,32.76%
1/1/22,Uruguay,14.21%
2/1/22,Uruguay,17.89%
3/1/22,Uruguay,14.44%
4/1/22,Uruguay,6.43%
5/1/22,Uruguay,10.33%
6/1/22,Uruguay,10.42%
7/1/22,Uruguay,13.26%
8/1/22,Uruguay,13.77%
9/1/22,Uruguay,11.23%
10/1/22,Uruguay,11.90%
11/1/22,Uruguay,19.96%
12/1/22,Uruguay,13.19%
1/1/23,Uruguay,16.63%
2/1/23,Uruguay,16.39%
3/1/23,Uruguay,15.32%
4/1/23,Uruguay,15.83%
5/1/23,Uruguay,14.59%
6/1/23,Uruguay,12.19%
7/1/23,Uruguay,6.55%
8/1/23,Uruguay,12.29%
9/1/23,Uruguay,12.48%
10/1/23,Uruguay,11.46%
11/1/23,Uruguay,10.64%
12/1/23,Uruguay,19.69%
1/1/24,Uruguay,17.84%
2/1/24,Uruguay,16.02%
3/1/24,Uruguay,16.04%
4/1/24,Uruguay,26.28%
5/1/24,Uruguay,22.31%
6/1/24,Uruguay,24.53%
7/1/24,Uruguay,28.03%
8/1/24,Uruguay,23.64%
9/1/24,Uruguay,20.74%
10/1/24,Uruguay,24.78%
11/1/24,Uruguay,21.66%
12/1/24,Uruguay,13.22%