Year,Geographic area,Gender,AI talent representation
2016,Argentina,Female,27.07%
2016,Argentina,Male,72.93%
2017,Argentina,Female,26.75%
2017,Argentina,Male,73.25%
2018,Argentina,Female,26.51%
2018,Argentina,Male,73.49%
2019,Argentina,Female,26.01%
2019,Argentina,Male,73.99%
2020,Argentina,Female,26.87%
2020,Argentina,Male,73.13%
2021,Argentina,Female,26.83%
2021,Argentina,Male,73.17%
2022,Argentina,Female,27.57%
2022,Argentina,Male,72.43%
2023,Argentina,Female,27.50%
2023,Argentina,Male,72.50%
2024,Argentina,Female,28.64%
2024,Argentina,Male,71.36%
2016,Australia,Female,28.64%
2016,Australia,Male,71.36%
2017,Australia,Female,29.10%
2017,Australia,Male,70.90%
2018,Australia,Female,29.41%
2018,Australia,Male,70.59%
2019,Australia,Female,29.60%
2019,Australia,Male,70.40%
2020,Australia,Female,29.94%
2020,Australia,Male,70.06%
2021,Australia,Female,30.54%
2021,Australia,Male,69.47%
2022,Australia,Female,30.83%
2022,Australia,Male,69.18%
2023,Australia,Female,31.12%
2023,Australia,Male,68.88%
2024,Australia,Female,31.39%
2024,Australia,Male,68.61%
2016,Austria,Female,19.19%
2016,Austria,Male,80.81%
2017,Austria,Female,19.74%
2017,Austria,Male,80.26%
2018,Austria,Female,19.97%
2018,Austria,Male,80.03%
2019,Austria,Female,20.51%
2019,Austria,Male,79.49%
2020,Austria,Female,21.19%
2020,Austria,Male,78.82%
2021,Austria,Female,22.07%
2021,Austria,Male,77.93%
2022,Austria,Female,22.63%
2022,Austria,Male,77.37%
2023,Austria,Female,23.57%
2023,Austria,Male,76.43%
2024,Austria,Female,24.34%
2024,Austria,Male,75.66%
2016,Belgium,Female,22.04%
2016,Belgium,Male,77.96%
2017,Belgium,Female,22.52%
2017,Belgium,Male,77.49%
2018,Belgium,Female,22.88%
2018,Belgium,Male,77.12%
2019,Belgium,Female,22.86%
2019,Belgium,Male,77.14%
2020,Belgium,Female,22.98%
2020,Belgium,Male,77.02%
2021,Belgium,Female,23.28%
2021,Belgium,Male,76.73%
2022,Belgium,Female,23.46%
2022,Belgium,Male,76.54%
2023,Belgium,Female,23.86%
2023,Belgium,Male,76.14%
2024,Belgium,Female,24.13%
2024,Belgium,Male,75.87%
2016,Brazil,Female,22.30%
2016,Brazil,Male,77.70%
2017,Brazil,Female,21.64%
2017,Brazil,Male,78.36%
2018,Brazil,Female,21.19%
2018,Brazil,Male,78.81%
2019,Brazil,Female,21.09%
2019,Brazil,Male,78.91%
2020,Brazil,Female,21.40%
2020,Brazil,Male,78.61%
2021,Brazil,Female,21.85%
2021,Brazil,Male,78.15%
2022,Brazil,Female,22.16%
2022,Brazil,Male,77.84%
2023,Brazil,Female,22.30%
2023,Brazil,Male,77.70%
2024,Brazil,Female,22.89%
2024,Brazil,Male,77.11%
2016,Canada,Female,30.93%
2016,Canada,Male,69.07%
2017,Canada,Female,30.76%
2017,Canada,Male,69.24%
2018,Canada,Female,30.84%
2018,Canada,Male,69.16%
2019,Canada,Female,30.94%
2019,Canada,Male,69.06%
2020,Canada,Female,31.05%
2020,Canada,Male,68.95%
2021,Canada,Female,31.39%
2021,Canada,Male,68.61%
2022,Canada,Female,31.84%
2022,Canada,Male,68.16%
2023,Canada,Female,32.01%
2023,Canada,Male,67.99%
2024,Canada,Female,32.22%
2024,Canada,Male,67.78%
2016,Chile,Female,25.95%
2016,Chile,Male,74.06%
2017,Chile,Female,25.20%
2017,Chile,Male,74.80%
2018,Chile,Female,24.79%
2018,Chile,Male,75.21%
2019,Chile,Female,24.18%
2019,Chile,Male,75.82%
2020,Chile,Female,23.91%
2020,Chile,Male,76.09%
2021,Chile,Female,23.82%
2021,Chile,Male,76.18%
2022,Chile,Female,23.62%
2022,Chile,Male,76.38%
2023,Chile,Female,22.91%
2023,Chile,Male,77.09%
2024,Chile,Female,22.89%
2024,Chile,Male,77.11%
2016,Costa Rica,Female,27.60%
2016,Costa Rica,Male,72.40%
2017,Costa Rica,Female,27.96%
2017,Costa Rica,Male,72.04%
2018,Costa Rica,Female,27.72%
2018,Costa Rica,Male,72.28%
2019,Costa Rica,Female,29.26%
2019,Costa Rica,Male,70.75%
2020,Costa Rica,Female,30.23%
2020,Costa Rica,Male,69.77%
2021,Costa Rica,Female,31.26%
2021,Costa Rica,Male,68.74%
2022,Costa Rica,Female,31.98%
2022,Costa Rica,Male,68.02%
2023,Costa Rica,Female,32.44%
2023,Costa Rica,Male,67.56%
2024,Costa Rica,Female,31.35%
2024,Costa Rica,Male,68.65%
2016,Croatia,Female,32.29%
2016,Croatia,Male,67.71%
2017,Croatia,Female,32.86%
2017,Croatia,Male,67.14%
2018,Croatia,Female,31.62%
2018,Croatia,Male,68.38%
2019,Croatia,Female,33.10%
2019,Croatia,Male,66.90%
2020,Croatia,Female,32.50%
2020,Croatia,Male,67.51%
2021,Croatia,Female,33.62%
2021,Croatia,Male,66.39%
2022,Croatia,Female,34.34%
2022,Croatia,Male,65.67%
2023,Croatia,Female,34.97%
2023,Croatia,Male,65.03%
2024,Croatia,Female,34.92%
2024,Croatia,Male,65.08%
2016,Cyprus,Female,29.37%
2016,Cyprus,Male,70.63%
2017,Cyprus,Female,29.04%
2017,Cyprus,Male,70.96%
2018,Cyprus,Female,27.89%
2018,Cyprus,Male,72.11%
2019,Cyprus,Female,25.68%
2019,Cyprus,Male,74.32%
2020,Cyprus,Female,25.40%
2020,Cyprus,Male,74.60%
2021,Cyprus,Female,25.61%
2021,Cyprus,Male,74.39%
2022,Cyprus,Female,26.23%
2022,Cyprus,Male,73.78%
2023,Cyprus,Female,28.04%
2023,Cyprus,Male,71.96%
2024,Cyprus,Female,27.16%
2024,Cyprus,Male,72.85%
2016,Czech Republic,Female,21.24%
2016,Czech Republic,Male,78.76%
2017,Czech Republic,Female,21.64%
2017,Czech Republic,Male,78.36%
2018,Czech Republic,Female,21.96%
2018,Czech Republic,Male,78.04%
2019,Czech Republic,Female,22.91%
2019,Czech Republic,Male,77.09%
2020,Czech Republic,Female,23.86%
2020,Czech Republic,Male,76.14%
2021,Czech Republic,Female,24.81%
2021,Czech Republic,Male,75.20%
2022,Czech Republic,Female,25.72%
2022,Czech Republic,Male,74.28%
2023,Czech Republic,Female,25.77%
2023,Czech Republic,Male,74.23%
2024,Czech Republic,Female,26.35%
2024,Czech Republic,Male,73.66%
2016,Denmark,Female,22.92%
2016,Denmark,Male,77.08%
2017,Denmark,Female,22.34%
2017,Denmark,Male,77.66%
2018,Denmark,Female,22.13%
2018,Denmark,Male,77.87%
2019,Denmark,Female,22.71%
2019,Denmark,Male,77.29%
2020,Denmark,Female,23.08%
2020,Denmark,Male,76.92%
2021,Denmark,Female,23.85%
2021,Denmark,Male,76.16%
2022,Denmark,Female,24.54%
2022,Denmark,Male,75.46%
2023,Denmark,Female,25.00%
2023,Denmark,Male,75.00%
2024,Denmark,Female,25.73%
2024,Denmark,Male,74.28%
2016,Estonia,Female,30.34%
2016,Estonia,Male,69.66%
2017,Estonia,Female,27.36%
2017,Estonia,Male,72.64%
2018,Estonia,Female,29.22%
2018,Estonia,Male,70.79%
2019,Estonia,Female,30.69%
2019,Estonia,Male,69.31%
2020,Estonia,Female,30.45%
2020,Estonia,Male,69.55%
2021,Estonia,Female,30.95%
2021,Estonia,Male,69.05%
2022,Estonia,Female,31.92%
2022,Estonia,Male,68.08%
2023,Estonia,Female,31.67%
2023,Estonia,Male,68.33%
2024,Estonia,Female,32.90%
2024,Estonia,Male,67.10%
2016,Finland,Female,34.86%
2016,Finland,Male,65.14%
2017,Finland,Female,34.63%
2017,Finland,Male,65.38%
2018,Finland,Female,34.45%
2018,Finland,Male,65.55%
2019,Finland,Female,34.62%
2019,Finland,Male,65.39%
2020,Finland,Female,34.90%
2020,Finland,Male,65.10%
2021,Finland,Female,34.74%
2021,Finland,Male,65.26%
2022,Finland,Female,35.48%
2022,Finland,Male,64.53%
2023,Finland,Female,35.68%
2023,Finland,Male,64.32%
2024,Finland,Female,35.66%
2024,Finland,Male,64.34%
2016,France,Female,30.69%
2016,France,Male,69.31%
2017,France,Female,30.87%
2017,France,Male,69.13%
2018,France,Female,30.64%
2018,France,Male,69.36%
2019,France,Female,30.58%
2019,France,Male,69.42%
2020,France,Female,30.57%
2020,France,Male,69.43%
2021,France,Female,30.64%
2021,France,Male,69.36%
2022,France,Female,30.88%
2022,France,Male,69.13%
2023,France,Female,30.95%
2023,France,Male,69.05%
2024,France,Female,31.05%
2024,France,Male,68.95%
2016,Germany,Female,19.58%
2016,Germany,Male,80.42%
2017,Germany,Female,19.82%
2017,Germany,Male,80.19%
2018,Germany,Female,20.22%
2018,Germany,Male,79.78%
2019,Germany,Female,20.78%
2019,Germany,Male,79.22%
2020,Germany,Female,21.36%
2020,Germany,Male,78.64%
2021,Germany,Female,22.08%
2021,Germany,Male,77.92%
2022,Germany,Female,22.61%
2022,Germany,Male,77.39%
2023,Germany,Female,23.31%
2023,Germany,Male,76.69%
2024,Germany,Female,23.77%
2024,Germany,Male,76.23%
2016,Greece,Female,21.97%
2016,Greece,Male,78.03%
2017,Greece,Female,22.03%
2017,Greece,Male,77.98%
2018,Greece,Female,23.07%
2018,Greece,Male,76.94%
2019,Greece,Female,22.90%
2019,Greece,Male,77.10%
2020,Greece,Female,23.50%
2020,Greece,Male,76.50%
2021,Greece,Female,24.21%
2021,Greece,Male,75.79%
2022,Greece,Female,25.33%
2022,Greece,Male,74.68%
2023,Greece,Female,26.15%
2023,Greece,Male,73.85%
2024,Greece,Female,26.95%
2024,Greece,Male,73.05%
2016,Hong Kong,Female,27.98%
2016,Hong Kong,Male,72.02%
2017,Hong Kong,Female,27.95%
2017,Hong Kong,Male,72.05%
2018,Hong Kong,Female,28.11%
2018,Hong Kong,Male,71.89%
2019,Hong Kong,Female,27.62%
2019,Hong Kong,Male,72.38%
2020,Hong Kong,Female,28.60%
2020,Hong Kong,Male,71.40%
2021,Hong Kong,Female,29.68%
2021,Hong Kong,Male,70.32%
2022,Hong Kong,Female,30.42%
2022,Hong Kong,Male,69.58%
2023,Hong Kong,Female,30.92%
2023,Hong Kong,Male,69.08%
2024,Hong Kong,Female,31.77%
2024,Hong Kong,Male,68.24%
2016,India,Female,25.15%
2016,India,Male,74.85%
2017,India,Female,25.51%
2017,India,Male,74.49%
2018,India,Female,25.83%
2018,India,Male,74.18%
2019,India,Female,26.33%
2019,India,Male,73.67%
2020,India,Female,26.98%
2020,India,Male,73.02%
2021,India,Female,28.13%
2021,India,Male,71.87%
2022,India,Female,28.70%
2022,India,Male,71.30%
2023,India,Female,28.93%
2023,India,Male,71.07%
2024,India,Female,29.92%
2024,India,Male,70.08%
2016,Ireland,Female,28.29%
2016,Ireland,Male,71.71%
2017,Ireland,Female,29.11%
2017,Ireland,Male,70.89%
2018,Ireland,Female,29.39%
2018,Ireland,Male,70.61%
2019,Ireland,Female,29.29%
2019,Ireland,Male,70.71%
2020,Ireland,Female,29.74%
2020,Ireland,Male,70.26%
2021,Ireland,Female,30.16%
2021,Ireland,Male,69.84%
2022,Ireland,Female,31.10%
2022,Ireland,Male,68.90%
2023,Ireland,Female,31.50%
2023,Ireland,Male,68.50%
2024,Ireland,Female,31.69%
2024,Ireland,Male,68.31%
2016,Israel,Female,23.32%
2016,Israel,Male,76.68%
2017,Israel,Female,23.47%
2017,Israel,Male,76.53%
2018,Israel,Female,23.61%
2018,Israel,Male,76.40%
2019,Israel,Female,24.03%
2019,Israel,Male,75.97%
2020,Israel,Female,24.44%
2020,Israel,Male,75.56%
2021,Israel,Female,24.79%
2021,Israel,Male,75.21%
2022,Israel,Female,25.42%
2022,Israel,Male,74.58%
2023,Israel,Female,25.67%
2023,Israel,Male,74.33%
2024,Israel,Female,25.84%
2024,Israel,Male,74.16%
2016,Italy,Female,34.53%
2016,Italy,Male,65.47%
2017,Italy,Female,34.34%
2017,Italy,Male,65.66%
2018,Italy,Female,34.16%
2018,Italy,Male,65.84%
2019,Italy,Female,34.08%
2019,Italy,Male,65.92%
2020,Italy,Female,33.77%
2020,Italy,Male,66.23%
2021,Italy,Female,33.88%
2021,Italy,Male,66.12%
2022,Italy,Female,34.00%
2022,Italy,Male,66.00%
2023,Italy,Female,33.95%
2023,Italy,Male,66.06%
2024,Italy,Female,34.06%
2024,Italy,Male,65.95%
2016,Latvia,Female,41.91%
2016,Latvia,Male,58.10%
2017,Latvia,Female,42.27%
2017,Latvia,Male,57.73%
2018,Latvia,Female,39.89%
2018,Latvia,Male,60.11%
2019,Latvia,Female,38.54%
2019,Latvia,Male,61.46%
2021,Latvia,Female,37.85%
2021,Latvia,Male,62.15%
2022,Latvia,Female,37.81%
2022,Latvia,Male,62.19%
2023,Latvia,Female,37.04%
2023,Latvia,Male,62.96%
2024,Latvia,Female,38.54%
2024,Latvia,Male,61.46%
2016,Lithuania,Female,30.30%
2016,Lithuania,Male,69.70%
2017,Lithuania,Female,30.56%
2017,Lithuania,Male,69.44%
2018,Lithuania,Female,30.91%
2018,Lithuania,Male,69.09%
2019,Lithuania,Female,31.36%
2019,Lithuania,Male,68.64%
2020,Lithuania,Female,31.65%
2020,Lithuania,Male,68.35%
2021,Lithuania,Female,32.39%
2021,Lithuania,Male,67.62%
2022,Lithuania,Female,32.76%
2022,Lithuania,Male,67.24%
2023,Lithuania,Female,32.83%
2023,Lithuania,Male,67.17%
2024,Lithuania,Female,33.37%
2024,Lithuania,Male,66.63%
2016,Luxembourg,Female,26.21%
2016,Luxembourg,Male,73.79%
2017,Luxembourg,Female,25.36%
2017,Luxembourg,Male,74.64%
2018,Luxembourg,Female,26.36%
2018,Luxembourg,Male,73.64%
2019,Luxembourg,Female,26.43%
2019,Luxembourg,Male,73.57%
2020,Luxembourg,Female,25.70%
2020,Luxembourg,Male,74.30%
2021,Luxembourg,Female,27.03%
2021,Luxembourg,Male,72.97%
2022,Luxembourg,Female,26.98%
2022,Luxembourg,Male,73.02%
2023,Luxembourg,Female,27.26%
2023,Luxembourg,Male,72.74%
2024,Luxembourg,Female,27.58%
2024,Luxembourg,Male,72.42%
2016,Mexico,Female,26.38%
2016,Mexico,Male,73.62%
2017,Mexico,Female,26.36%
2017,Mexico,Male,73.64%
2018,Mexico,Female,26.18%
2018,Mexico,Male,73.82%
2019,Mexico,Female,26.09%
2019,Mexico,Male,73.92%
2020,Mexico,Female,25.96%
2020,Mexico,Male,74.04%
2021,Mexico,Female,26.14%
2021,Mexico,Male,73.86%
2022,Mexico,Female,26.20%
2022,Mexico,Male,73.81%
2023,Mexico,Female,25.96%
2023,Mexico,Male,74.04%
2024,Mexico,Female,25.95%
2024,Mexico,Male,74.05%
2016,Netherlands,Female,26.30%
2016,Netherlands,Male,73.70%
2017,Netherlands,Female,26.38%
2017,Netherlands,Male,73.62%
2018,Netherlands,Female,26.66%
2018,Netherlands,Male,73.34%
2019,Netherlands,Female,26.87%
2019,Netherlands,Male,73.14%
2020,Netherlands,Female,27.17%
2020,Netherlands,Male,72.84%
2021,Netherlands,Female,27.71%
2021,Netherlands,Male,72.29%
2022,Netherlands,Female,28.04%
2022,Netherlands,Male,71.96%
2023,Netherlands,Female,28.23%
2023,Netherlands,Male,71.78%
2024,Netherlands,Female,28.32%
2024,Netherlands,Male,71.68%
2016,New Zealand,Female,31.38%
2016,New Zealand,Male,68.62%
2017,New Zealand,Female,31.58%
2017,New Zealand,Male,68.42%
2018,New Zealand,Female,31.54%
2018,New Zealand,Male,68.47%
2019,New Zealand,Female,31.49%
2019,New Zealand,Male,68.51%
2020,New Zealand,Female,32.15%
2020,New Zealand,Male,67.85%
2021,New Zealand,Female,32.58%
2021,New Zealand,Male,67.43%
2022,New Zealand,Female,32.91%
2022,New Zealand,Male,67.09%
2023,New Zealand,Female,33.70%
2023,New Zealand,Male,66.30%
2024,New Zealand,Female,34.25%
2024,New Zealand,Male,65.75%
2016,Norway,Female,27.07%
2016,Norway,Male,72.93%
2017,Norway,Female,26.27%
2017,Norway,Male,73.73%
2018,Norway,Female,25.76%
2018,Norway,Male,74.24%
2019,Norway,Female,25.61%
2019,Norway,Male,74.39%
2020,Norway,Female,25.99%
2020,Norway,Male,74.01%
2021,Norway,Female,26.25%
2021,Norway,Male,73.75%
2022,Norway,Female,26.59%
2022,Norway,Male,73.41%
2023,Norway,Female,27.18%
2023,Norway,Male,72.82%
2024,Norway,Female,27.39%
2024,Norway,Male,72.61%
2016,Poland,Female,28.26%
2016,Poland,Male,71.74%
2017,Poland,Female,28.41%
2017,Poland,Male,71.59%
2018,Poland,Female,28.73%
2018,Poland,Male,71.27%
2019,Poland,Female,28.87%
2019,Poland,Male,71.13%
2020,Poland,Female,28.89%
2020,Poland,Male,71.11%
2021,Poland,Female,29.60%
2021,Poland,Male,70.40%
2022,Poland,Female,30.34%
2022,Poland,Male,69.66%
2023,Poland,Female,30.63%
2023,Poland,Male,69.38%
2024,Poland,Female,30.79%
2024,Poland,Male,69.21%
2016,Portugal,Female,26.65%
2016,Portugal,Male,73.35%
2017,Portugal,Female,26.40%
2017,Portugal,Male,73.60%
2018,Portugal,Female,26.61%
2018,Portugal,Male,73.39%
2019,Portugal,Female,26.88%
2019,Portugal,Male,73.12%
2020,Portugal,Female,26.91%
2020,Portugal,Male,73.09%
2021,Portugal,Female,27.37%
2021,Portugal,Male,72.63%
2022,Portugal,Female,27.47%
2022,Portugal,Male,72.53%
2023,Portugal,Female,27.50%
2023,Portugal,Male,72.50%
2024,Portugal,Female,27.49%
2024,Portugal,Male,72.51%
2016,Romania,Female,40.51%
2016,Romania,Male,59.49%
2017,Romania,Female,41.28%
2017,Romania,Male,58.72%
2018,Romania,Female,41.19%
2018,Romania,Male,58.81%
2019,Romania,Female,41.32%
2019,Romania,Male,58.68%
2020,Romania,Female,40.68%
2020,Romania,Male,59.33%
2021,Romania,Female,40.98%
2021,Romania,Male,59.02%
2022,Romania,Female,41.26%
2022,Romania,Male,58.74%
2023,Romania,Female,41.13%
2023,Romania,Male,58.87%
2024,Romania,Female,41.00%
2024,Romania,Male,59.00%
2016,Saudi Arabia,Female,14.02%
2016,Saudi Arabia,Male,85.98%
2017,Saudi Arabia,Female,14.87%
2017,Saudi Arabia,Male,85.13%
2018,Saudi Arabia,Female,17.34%
2018,Saudi Arabia,Male,82.66%
2019,Saudi Arabia,Female,20.21%
2019,Saudi Arabia,Male,79.79%
2020,Saudi Arabia,Female,23.33%
2020,Saudi Arabia,Male,76.67%
2021,Saudi Arabia,Female,26.52%
2021,Saudi Arabia,Male,73.49%
2022,Saudi Arabia,Female,28.63%
2022,Saudi Arabia,Male,71.37%
2023,Saudi Arabia,Female,29.80%
2023,Saudi Arabia,Male,70.20%
2024,Saudi Arabia,Female,30.98%
2024,Saudi Arabia,Male,69.02%
2016,Singapore,Female,33.43%
2016,Singapore,Male,66.57%
2017,Singapore,Female,34.27%
2017,Singapore,Male,65.73%
2018,Singapore,Female,34.34%
2018,Singapore,Male,65.66%
2019,Singapore,Female,34.99%
2019,Singapore,Male,65.02%
2020,Singapore,Female,35.62%
2020,Singapore,Male,64.38%
2021,Singapore,Female,36.30%
2021,Singapore,Male,63.70%
2022,Singapore,Female,36.77%
2022,Singapore,Male,63.23%
2023,Singapore,Female,37.02%
2023,Singapore,Male,62.98%
2024,Singapore,Female,37.09%
2024,Singapore,Male,62.91%
2016,South Africa,Female,35.74%
2016,South Africa,Male,64.27%
2017,South Africa,Female,35.22%
2017,South Africa,Male,64.78%
2018,South Africa,Female,34.79%
2018,South Africa,Male,65.21%
2019,South Africa,Female,34.38%
2019,South Africa,Male,65.62%
2020,South Africa,Female,34.34%
2020,South Africa,Male,65.66%
2021,South Africa,Female,34.46%
2021,South Africa,Male,65.54%
2022,South Africa,Female,34.33%
2022,South Africa,Male,65.67%
2023,South Africa,Female,34.60%
2023,South Africa,Male,65.40%
2024,South Africa,Female,35.29%
2024,South Africa,Male,64.71%
2016,Spain,Female,26.45%
2016,Spain,Male,73.55%
2017,Spain,Female,25.78%
2017,Spain,Male,74.23%
2018,Spain,Female,25.91%
2018,Spain,Male,74.09%
2019,Spain,Female,26.10%
2019,Spain,Male,73.90%
2020,Spain,Female,26.36%
2020,Spain,Male,73.64%
2021,Spain,Female,26.65%
2021,Spain,Male,73.35%
2022,Spain,Female,26.82%
2022,Spain,Male,73.18%
2023,Spain,Female,27.23%
2023,Spain,Male,72.77%
2024,Spain,Female,27.79%
2024,Spain,Male,72.21%
2016,Sweden,Female,27.38%
2016,Sweden,Male,72.62%
2017,Sweden,Female,26.99%
2017,Sweden,Male,73.01%
2018,Sweden,Female,26.69%
2018,Sweden,Male,73.32%
2019,Sweden,Female,26.79%
2019,Sweden,Male,73.21%
2020,Sweden,Female,27.08%
2020,Sweden,Male,72.92%
2021,Sweden,Female,27.56%
2021,Sweden,Male,72.44%
2022,Sweden,Female,27.97%
2022,Sweden,Male,72.03%
2023,Sweden,Female,28.21%
2023,Sweden,Male,71.79%
2024,Sweden,Female,28.62%
2024,Sweden,Male,71.38%
2016,Switzerland,Female,23.39%
2016,Switzerland,Male,76.62%
2017,Switzerland,Female,23.08%
2017,Switzerland,Male,76.93%
2018,Switzerland,Female,23.03%
2018,Switzerland,Male,76.97%
2019,Switzerland,Female,23.02%
2019,Switzerland,Male,76.98%
2020,Switzerland,Female,23.50%
2020,Switzerland,Male,76.50%
2021,Switzerland,Female,23.72%
2021,Switzerland,Male,76.28%
2022,Switzerland,Female,24.12%
2022,Switzerland,Male,75.88%
2023,Switzerland,Female,24.42%
2023,Switzerland,Male,75.58%
2024,Switzerland,Female,25.06%
2024,Switzerland,Male,74.94%
2016,Turkey,Female,26.04%
2016,Turkey,Male,73.96%
2017,Turkey,Female,26.39%
2017,Turkey,Male,73.61%
2018,Turkey,Female,26.15%
2018,Turkey,Male,73.85%
2019,Turkey,Female,26.27%
2019,Turkey,Male,73.73%
2020,Turkey,Female,26.03%
2020,Turkey,Male,73.97%
2021,Turkey,Female,27.00%
2021,Turkey,Male,73.00%
2022,Turkey,Female,27.36%
2022,Turkey,Male,72.64%
2023,Turkey,Female,27.84%
2023,Turkey,Male,72.16%
2024,Turkey,Female,28.76%
2024,Turkey,Male,71.24%
2016,United Arab Emirates,Female,26.61%
2016,United Arab Emirates,Male,73.39%
2017,United Arab Emirates,Female,27.47%
2017,United Arab Emirates,Male,72.54%
2018,United Arab Emirates,Female,27.87%
2018,United Arab Emirates,Male,72.13%
2019,United Arab Emirates,Female,28.18%
2019,United Arab Emirates,Male,71.82%
2020,United Arab Emirates,Female,28.50%
2020,United Arab Emirates,Male,71.50%
2021,United Arab Emirates,Female,28.86%
2021,United Arab Emirates,Male,71.14%
2022,United Arab Emirates,Female,29.17%
2022,United Arab Emirates,Male,70.83%
2023,United Arab Emirates,Female,28.92%
2023,United Arab Emirates,Male,71.08%
2024,United Arab Emirates,Female,29.39%
2024,United Arab Emirates,Male,70.61%
2016,United Kingdom,Female,25.30%
2016,United Kingdom,Male,74.70%
2017,United Kingdom,Female,25.79%
2017,United Kingdom,Male,74.22%
2018,United Kingdom,Female,26.16%
2018,United Kingdom,Male,73.84%
2019,United Kingdom,Female,26.66%
2019,United Kingdom,Male,73.34%
2020,United Kingdom,Female,27.07%
2020,United Kingdom,Male,72.93%
2021,United Kingdom,Female,27.72%
2021,United Kingdom,Male,72.28%
2022,United Kingdom,Female,28.40%
2022,United Kingdom,Male,71.60%
2023,United Kingdom,Female,29.04%
2023,United Kingdom,Male,70.96%
2024,United Kingdom,Female,29.50%
2024,United Kingdom,Male,70.50%
2016,United States,Female,32.67%
2016,United States,Male,67.33%
2017,United States,Female,32.69%
2017,United States,Male,67.31%
2018,United States,Female,32.68%
2018,United States,Male,67.32%
2019,United States,Female,32.74%
2019,United States,Male,67.26%
2020,United States,Female,32.93%
2020,United States,Male,67.07%
2021,United States,Female,33.16%
2021,United States,Male,66.84%
2022,United States,Female,33.42%
2022,United States,Male,66.58%
2023,United States,Female,33.56%
2023,United States,Male,66.45%
2024,United States,Female,33.68%
2024,United States,Male,66.32%
2016,Uruguay,Female,26.09%
2016,Uruguay,Male,73.91%
2017,Uruguay,Female,25.54%
2017,Uruguay,Male,74.46%
2018,Uruguay,Female,25.25%
2018,Uruguay,Male,74.75%
2019,Uruguay,Female,24.41%
2019,Uruguay,Male,75.59%
2020,Uruguay,Female,25.22%
2020,Uruguay,Male,74.79%
2021,Uruguay,Female,24.73%
2021,Uruguay,Male,75.27%
2022,Uruguay,Female,25.55%
2022,Uruguay,Male,74.45%
2023,Uruguay,Female,27.19%
2023,Uruguay,Male,72.81%
2024,Uruguay,Female,26.50%
2024,Uruguay,Male,73.50%